doi,journal_name
10.1152/japplphysiol.00811.2020,Journal of Applied Physiology
10.1152/ajpregu.00479.2015,"American Journal of Physiology-Regulatory, Integrative and Comparative Physiology"
10.1152/japplphysiol.00662.2015,Journal of Applied Physiology
10.1152/japplphysiol.00915.2014,Journal of Applied Physiology
10.1152/physiolgenomics.00072.2014,Physiological Genomics
10.1152/japplphysiol.01226.2013,Journal of Applied Physiology
10.1152/ajpheart.00435.2012,American Journal of Physiology-Heart and Circulatory Physiology
10.1152/japplphysiol.01627.2011,Journal of Applied Physiology
10.1152/japplphysiol.00329.2012,Journal of Applied Physiology
10.1152/advan.00106.2011,Advances in Physiology Education
10.1152/japplphysiol.00668.2011,Journal of Applied Physiology
10.1152/japplphysiol.01199.2011,Journal of Applied Physiology
10.1152/japplphysiol.01353.2011,Journal of Applied Physiology
10.1152/ajpregu.00006.2012,"American Journal of Physiology-Regulatory, Integrative and Comparative Physiology"
10.1152/japplphysiol.00625.2011,Journal of Applied Physiology
10.1152/ajpheart.00479.2010,American Journal of Physiology-Heart and Circulatory Physiology
10.1152/japplphysiol.00594.2011,Journal of Applied Physiology
10.1152/japplphysiol.00086.2011,Journal of Applied Physiology
10.1152/ajpheart.01283.2010,American Journal of Physiology-Heart and Circulatory Physiology
10.1152/japplphysiol.00010.2010,Journal of Applied Physiology
10.1152/japplphysiol.01247.2010,Journal of Applied Physiology
10.1152/japplphysiol.00753.2010,Journal of Applied Physiology
10.1152/ajpregu.00761.2010,"American Journal of Physiology-Regulatory, Integrative and Comparative Physiology"
10.1152/japplphysiol.00764.2010,Journal of Applied Physiology
10.1152/japplphysiol.00145.2010,Journal of Applied Physiology
10.1152/ajpheart.00762.2010,American Journal of Physiology-Heart and Circulatory Physiology
10.1152/japplphysiol.00205.2010,Journal of Applied Physiology
10.1152/japplphysiol.00550.2010,Journal of Applied Physiology
10.1152/japplphysiol.00577.2010,Journal of Applied Physiology
10.1152/japplphysiol.01025.2009,Journal of Applied Physiology
10.1152/japplphysiol.00377.2010,Journal of Applied Physiology
10.1152/japplphysiol.01269.2009,Journal of Applied Physiology
10.1152/japplphysiol.00722.2009,Journal of Applied Physiology
10.1152/japplphysiol.00003.2009,Journal of Applied Physiology
10.1152/ajpregu.90420.2008,"American Journal of Physiology-Regulatory, Integrative and Comparative Physiology"
10.1152/japplphysiol.00108.2008,Journal of Applied Physiology
10.1152/ajpendo.90545.2008,American Journal of Physiology-Endocrinology and Metabolism
10.1152/japplphysiol.00995.2007,Journal of Applied Physiology
10.1152/japplphysiol.90394.2008,Journal of Applied Physiology
10.1152/japplphysiol.00819.2007,Journal of Applied Physiology
10.1152/ajpregu.00880.2007,"American Journal of Physiology-Regulatory, Integrative and Comparative Physiology"
10.1152/japplphysiol.00079.2008,Journal of Applied Physiology
10.1152/japplphysiol.01325.2007,Journal of Applied Physiology
10.1152/ajpregu.00875.2007,"American Journal of Physiology-Regulatory, Integrative and Comparative Physiology"
10.1152/ajpendo.00751.2007,American Journal of Physiology-Endocrinology and Metabolism
10.1152/japplphysiol.01160.2007,Journal of Applied Physiology
10.1152/japplphysiol.01210.2007,Journal of Applied Physiology
10.1152/ajpregu.00678.2007,"American Journal of Physiology-Regulatory, Integrative and Comparative Physiology"
10.1152/japplphysiol.00146.2007,Journal of Applied Physiology
10.1152/ajpendo.1999.277.6.e1103,American Journal of Physiology-Endocrinology and Metabolism
10.1152/ajpregu.1999.277.5.r1274,"American Journal of Physiology-Regulatory, Integrative and Comparative Physiology"
10.1152/ajpgi.1999.277.5.g1048,American Journal of Physiology-Gastrointestinal and Liver Physiology
10.1152/ajpendo.1999.277.4.e647,American Journal of Physiology-Endocrinology and Metabolism
10.1152/ajpheart.1999.277.3.h1045,American Journal of Physiology-Heart and Circulatory Physiology
10.1152/ajpheart.1999.277.1.h65,American Journal of Physiology-Heart and Circulatory Physiology
10.1152/ajpendo.1999.277.1.e81,American Journal of Physiology-Endocrinology and Metabolism
10.1152/ajpendo.1999.276.6.e1130,American Journal of Physiology-Endocrinology and Metabolism
10.1152/ajpheart.1999.276.5.h1574,American Journal of Physiology-Heart and Circulatory Physiology
10.1152/ajpgi.1999.276.5.g1221,American Journal of Physiology-Gastrointestinal and Liver Physiology
10.1152/ajpregu.1999.276.5.r1258,"American Journal of Physiology-Regulatory, Integrative and Comparative Physiology"
10.1152/ajpheart.1999.276.3.h998,American Journal of Physiology-Heart and Circulatory Physiology
10.1152/ajpheart.1999.276.3.h913,American Journal of Physiology-Heart and Circulatory Physiology
10.1152/ajpheart.1999.276.3.h844,American Journal of Physiology-Heart and Circulatory Physiology
10.1152/ajpregu.1999.276.2.r414,"American Journal of Physiology-Regulatory, Integrative and Comparative Physiology"
10.1152/ajpendo.1999.276.2.e352,American Journal of Physiology-Endocrinology and Metabolism
10.1152/ajpheart.1999.276.1.h149,American Journal of Physiology-Heart and Circulatory Physiology
10.1152/ajpheart.1998.275.6.h2325,American Journal of Physiology-Heart and Circulatory Physiology
10.1152/ajpregu.1998.275.4.r1192,"American Journal of Physiology-Regulatory, Integrative and Comparative Physiology"
10.1152/ajpregu.1998.275.3.r854,"American Journal of Physiology-Regulatory, Integrative and Comparative Physiology"
10.1152/ajpendo.1998.275.1.e132,American Journal of Physiology-Endocrinology and Metabolism
10.1152/ajpendo.1998.275.1.e12,American Journal of Physiology-Endocrinology and Metabolism
10.1152/ajpendo.1998.275.2.e332,American Journal of Physiology-Endocrinology and Metabolism
10.1152/ajpregu.1998.274.5.r1268,"American Journal of Physiology-Regulatory, Integrative and Comparative Physiology"
10.1152/ajpendo.1998.274.6.e1080,American Journal of Physiology-Endocrinology and Metabolism
10.1152/ajpendo.1998.274.4.e726,American Journal of Physiology-Endocrinology and Metabolism
10.1152/ajpcell.1998.274.4.c1174,American Journal of Physiology-Cell Physiology
10.1152/ajpendo.1998.274.3.e432,American Journal of Physiology-Endocrinology and Metabolism
10.1152/ajpheart.1998.274.2.h424,American Journal of Physiology-Heart and Circulatory Physiology
10.1152/ajpendo.1998.274.1.e102,American Journal of Physiology-Endocrinology and Metabolism
10.1152/ajpendo.1998.274.1.e83,American Journal of Physiology-Endocrinology and Metabolism
10.1152/ajpendo.1998.274.1.e72,American Journal of Physiology-Endocrinology and Metabolism
10.1152/ajpheart.1997.273.6.h2627,American Journal of Physiology-Heart and Circulatory Physiology
10.1152/ajpendo.1997.273.4.e809,American Journal of Physiology-Endocrinology and Metabolism
10.1152/ajprenal.1977.233.6.f539,American Journal of Physiology-Renal Physiology
10.1152/japplphysiol.00808.2021,Journal of Applied Physiology
10.1152/japplphysiol.00443.2021,Journal of Applied Physiology
10.1152/japplphysiol.00253.2021,Journal of Applied Physiology
10.1152/japplphysiol.00400.2021,Journal of Applied Physiology
10.1152/japplphysiol.00185.2021,Journal of Applied Physiology
10.1152/japplphysiol.01029.2020,Journal of Applied Physiology
10.1152/japplphysiol.00054.2020,Journal of Applied Physiology
10.1152/japplphysiol.00458.2019,Journal of Applied Physiology
10.1152/japplphysiol.00781.2019,Journal of Applied Physiology
10.1152/ajpregu.00261.2017,"American Journal of Physiology-Regulatory, Integrative and Comparative Physiology"
10.1152/japplphysiol.00457.2017,Journal of Applied Physiology
10.1152/japplphysiol.00514.2016,Journal of Applied Physiology
10.1152/japplphysiol.00582.2015,Journal of Applied Physiology
10.1152/ajpheart.00525.2015,American Journal of Physiology-Heart and Circulatory Physiology
10.1152/japplphysiol.00241.2015,Journal of Applied Physiology
10.1152/japplphysiol.00092.2015,Journal of Applied Physiology
10.1152/japplphysiol.00932.2014,Journal of Applied Physiology
10.1152/ajpheart.00723.2014,American Journal of Physiology-Heart and Circulatory Physiology
10.1152/ajpregu.00419.2014,"American Journal of Physiology-Regulatory, Integrative and Comparative Physiology"
10.1152/japplphysiol.00759.2014,Journal of Applied Physiology
10.1152/japplphysiol.00395.2014,Journal of Applied Physiology
10.1152/japplphysiol.00456.2014,Journal of Applied Physiology
10.1152/japplphysiol.00060.2014,Journal of Applied Physiology
10.1152/japplphysiol.00367.2014,Journal of Applied Physiology
10.1152/japplphysiol.00218.2014,Journal of Applied Physiology
10.1152/ajpheart.00103.2014,American Journal of Physiology-Heart and Circulatory Physiology
10.1152/ajpheart.00711.2013,American Journal of Physiology-Heart and Circulatory Physiology
10.1152/japplphysiol.00659.2013,Journal of Applied Physiology
10.1152/japplphysiol.01202.2012,Journal of Applied Physiology
10.1152/japplphysiol.00312.2013,Journal of Applied Physiology
10.1152/japplphysiol.00633.2013,Journal of Applied Physiology
10.1152/japplphysiol.00606.2013,Journal of Applied Physiology
10.1152/japplphysiol.00084.2013,Journal of Applied Physiology
10.1152/ajpregu.00016.2013,"American Journal of Physiology-Regulatory, Integrative and Comparative Physiology"
10.1152/japplphysiol.00765.2012,Journal of Applied Physiology
10.1152/ajpregu.00409.2012,"American Journal of Physiology-Regulatory, Integrative and Comparative Physiology"
10.1152/ajpheart.00714.2012,American Journal of Physiology-Heart and Circulatory Physiology
10.1152/ajpheart.00603.2012,American Journal of Physiology-Heart and Circulatory Physiology
10.1152/japplphysiol.01107.2012,Journal of Applied Physiology
10.1152/japplphysiol.00761.2012,Journal of Applied Physiology
10.1152/japplphysiol.00151.2012,Journal of Applied Physiology
10.1152/japplphysiol.01416.2011,Journal of Applied Physiology
10.1152/japplphysiol.00957.2011,Journal of Applied Physiology
10.1152/japplphysiol.00127.2012,Journal of Applied Physiology
10.1152/ajpendo.00658.2011,American Journal of Physiology-Endocrinology and Metabolism
10.1152/japplphysiol.00779.2011,Journal of Applied Physiology
10.1152/japplphysiol.01216.2010,Journal of Applied Physiology
10.1152/japplphysiol.00489.2011,Journal of Applied Physiology
10.1152/japplphysiol.00334.2011,Journal of Applied Physiology
10.1152/ajpheart.00867.2010,American Journal of Physiology-Heart and Circulatory Physiology
10.1152/japplphysiol.01084.2010,Journal of Applied Physiology
10.1152/japplphysiol.00634.2010,Journal of Applied Physiology
10.1152/japplphysiol.00725.2010,Journal of Applied Physiology
10.1152/ajpheart.00611.2010,American Journal of Physiology-Heart and Circulatory Physiology
10.1152/japplphysiol.00495.2010,Journal of Applied Physiology
10.1152/japplphysiol.00116.2010,Journal of Applied Physiology
10.1152/japplphysiol.00462.2010,Journal of Applied Physiology
10.1152/japplphysiol.01431.2009,Journal of Applied Physiology
10.1152/japplphysiol.01355.2009,Journal of Applied Physiology
10.1152/japplphysiol.00865.2009,Journal of Applied Physiology
10.1152/japplphysiol.01106.2009,Journal of Applied Physiology
10.1152/ajpheart.00876.2009,American Journal of Physiology-Heart and Circulatory Physiology
10.1152/japplphysiol.00985.2009,Journal of Applied Physiology
10.1152/ajpheart.00880.2009,American Journal of Physiology-Heart and Circulatory Physiology
10.1152/japplphysiol.00958.2009,Journal of Applied Physiology
10.1152/japplphysiol.91654.2008,Journal of Applied Physiology
10.1152/japplphysiol.91568.2008,Journal of Applied Physiology
10.1152/japplphysiol.91102.2008,Journal of Applied Physiology
10.1152/japplphysiol.90419.2008,Journal of Applied Physiology
10.1152/japplphysiol.90809.2008,Journal of Applied Physiology
10.1152/japplphysiol.91502.2008,Journal of Applied Physiology
10.1152/japplphysiol.90456.2008,Journal of Applied Physiology
10.1152/physiolgenomics.90282.2008,Physiological Genomics
10.1152/japplphysiol.00155.2008,Journal of Applied Physiology
10.1152/japplphysiol.90401.2008,Journal of Applied Physiology
10.1152/ajpendo.00580.2007,American Journal of Physiology-Endocrinology and Metabolism
10.1152/ajpregu.00069.2008,"American Journal of Physiology-Regulatory, Integrative and Comparative Physiology"
10.1152/japplphysiol.00731.2007,Journal of Applied Physiology
10.1152/japplphysiol.01538.2005,Journal of Applied Physiology
10.1152/ajpheart.00555.2021,American Journal of Physiology-Heart and Circulatory Physiology
10.1152/ajpregu.00158.2021,"American Journal of Physiology-Regulatory, Integrative and Comparative Physiology"
10.1152/ajpregu.00263.2020,"American Journal of Physiology-Regulatory, Integrative and Comparative Physiology"
10.1152/ajpregu.00209.2020,"American Journal of Physiology-Regulatory, Integrative and Comparative Physiology"
10.1152/ajpregu.00048.2020,"American Journal of Physiology-Regulatory, Integrative and Comparative Physiology"
10.1152/ajpregu.00061.2015,"American Journal of Physiology-Regulatory, Integrative and Comparative Physiology"
10.1152/ajpheart.00861.2014,American Journal of Physiology-Heart and Circulatory Physiology
10.1152/ajpheart.00338.2015,American Journal of Physiology-Heart and Circulatory Physiology
10.1152/ajpheart.00647.2014,American Journal of Physiology-Heart and Circulatory Physiology
10.1152/ajpendo.00689.2013,American Journal of Physiology-Endocrinology and Metabolism
10.1152/japplphysiol.01227.2013,Journal of Applied Physiology
10.1152/ajpendo.00082.2012,American Journal of Physiology-Endocrinology and Metabolism
10.1152/ajpregu.00269.2011,"American Journal of Physiology-Regulatory, Integrative and Comparative Physiology"
10.1152/ajpendo.00254.2011,American Journal of Physiology-Endocrinology and Metabolism
10.1152/ajpendo.00291.2011,American Journal of Physiology-Endocrinology and Metabolism
10.1152/ajpregu.00285.2011,"American Journal of Physiology-Regulatory, Integrative and Comparative Physiology"
10.1152/ajpregu.00160.2011,"American Journal of Physiology-Regulatory, Integrative and Comparative Physiology"
10.1152/ajpregu.00101.2011,"American Journal of Physiology-Regulatory, Integrative and Comparative Physiology"
10.1152/ajpregu.00660.2010,"American Journal of Physiology-Regulatory, Integrative and Comparative Physiology"
10.1152/ajpregu.00348.2010,"American Journal of Physiology-Regulatory, Integrative and Comparative Physiology"
10.1152/ajpregu.00038.2010,"American Journal of Physiology-Regulatory, Integrative and Comparative Physiology"
10.1152/ajpregu.00206.2010,"American Journal of Physiology-Regulatory, Integrative and Comparative Physiology"
10.1152/japplphysiol.00589.2009,Journal of Applied Physiology
10.1152/japplphysiol.91062.2008,Journal of Applied Physiology
10.1152/ajpregu.00048.2009,"American Journal of Physiology-Regulatory, Integrative and Comparative Physiology"
10.1152/ajpregu.90812.2008,"American Journal of Physiology-Regulatory, Integrative and Comparative Physiology"
10.1152/ajpregu.90672.2008,"American Journal of Physiology-Regulatory, Integrative and Comparative Physiology"
10.1152/japplphysiol.90540.2008,Journal of Applied Physiology
10.1152/japplphysiol.90761.2008,Journal of Applied Physiology
10.1152/japplphysiol.90384.2008,Journal of Applied Physiology
10.1152/japplphysiol.01256.2007,Journal of Applied Physiology
10.1152/japplphysiol.01151.2007,Journal of Applied Physiology
10.1152/japplphysiol.00849.2007,Journal of Applied Physiology
10.1152/ajpendo.00729.2007,American Journal of Physiology-Endocrinology and Metabolism
10.1152/ajpregu.00666.2007,"American Journal of Physiology-Regulatory, Integrative and Comparative Physiology"
10.1152/japplphysiol.01324.2006,Journal of Applied Physiology
10.1152/japplphysiol.00792.2007,Journal of Applied Physiology
10.1152/japplphysiol.00653.2007,Journal of Applied Physiology
10.1152/ajpheart.00694.2007,American Journal of Physiology-Heart and Circulatory Physiology
10.1152/japplphysiol.00627.2007,Journal of Applied Physiology
10.1152/ajpregu.00442.2007,"American Journal of Physiology-Regulatory, Integrative and Comparative Physiology"
10.1152/japplphysiol.00496.2007,Journal of Applied Physiology
10.1152/japplphysiol.01320.2006,Journal of Applied Physiology
10.1152/japplphysiol.00027.2007,Journal of Applied Physiology
10.1152/japplphysiol.00484.2007,Journal of Applied Physiology
10.1152/japplphysiol.00153.2007,Journal of Applied Physiology
10.1152/japplphysiol.00181.2007,Journal of Applied Physiology
10.1152/ajpheart.00708.2007,American Journal of Physiology-Heart and Circulatory Physiology
10.1152/ajpendo.00099.2007,American Journal of Physiology-Endocrinology and Metabolism
10.1152/japplphysiol.00165.2007,Journal of Applied Physiology
10.1152/ajpregu.00115.2007,"American Journal of Physiology-Regulatory, Integrative and Comparative Physiology"
10.1152/japplphysiol.01221.2006,Journal of Applied Physiology
10.1152/japplphysiol.00265.2007,Journal of Applied Physiology
10.1152/ajpendo.00004.2007,American Journal of Physiology-Endocrinology and Metabolism
10.1152/japplphysiol.00157.2007,Journal of Applied Physiology
10.1152/japplphysiol.01203.2006,Journal of Applied Physiology
10.1152/ajpregu.00028.2007,"American Journal of Physiology-Regulatory, Integrative and Comparative Physiology"
10.1152/ajpheart.00062.2007,American Journal of Physiology-Heart and Circulatory Physiology
10.1152/japplphysiol.01087.2006,Journal of Applied Physiology
10.1152/japplphysiol.01170.2006,Journal of Applied Physiology
10.1152/japplphysiol.00007.2007,Journal of Applied Physiology
10.1152/japplphysiol.01460.2006,Journal of Applied Physiology
10.1152/ajpendo.00678.2006,American Journal of Physiology-Endocrinology and Metabolism
10.1152/ajpendo.00598.2006,American Journal of Physiology-Endocrinology and Metabolism
10.1152/japplphysiol.01302.2006,Journal of Applied Physiology
10.1152/ajpendo.00636.2006,American Journal of Physiology-Endocrinology and Metabolism
10.1152/ajpheart.01396.2006,American Journal of Physiology-Heart and Circulatory Physiology
10.1152/ajpregu.00503.2006,"American Journal of Physiology-Regulatory, Integrative and Comparative Physiology"
10.1152/japplphysiol.00690.2006,Journal of Applied Physiology
10.1152/japplphysiol.01098.2006,Journal of Applied Physiology
10.1152/japplphysiol.01028.2006,Journal of Applied Physiology
10.1152/ajpregu.00251.2006,"American Journal of Physiology-Regulatory, Integrative and Comparative Physiology"
10.1152/ajpregu.00567.2006,"American Journal of Physiology-Regulatory, Integrative and Comparative Physiology"
10.1152/ajpendo.00533.2006,American Journal of Physiology-Endocrinology and Metabolism
10.1152/ajpregu.00554.2006,"American Journal of Physiology-Regulatory, Integrative and Comparative Physiology"
10.1152/japplphysiol.00511.2006,Journal of Applied Physiology
10.1152/japplphysiol.01215.2006,Journal of Applied Physiology
10.1152/ajpregu.00589.2006,"American Journal of Physiology-Regulatory, Integrative and Comparative Physiology"
10.1152/japplphysiol.00984.2006,Journal of Applied Physiology
10.1152/ajpregu.00472.2006,"American Journal of Physiology-Regulatory, Integrative and Comparative Physiology"
10.1152/ajpheart.00639.2006,American Journal of Physiology-Heart and Circulatory Physiology
10.1152/ajpregu.00932.2005,"American Journal of Physiology-Regulatory, Integrative and Comparative Physiology"
10.1152/japplphysiol.00799.2006,Journal of Applied Physiology
10.1152/ajpregu.00926.2005,"American Journal of Physiology-Regulatory, Integrative and Comparative Physiology"
10.1152/japplphysiol.00066.2006,Journal of Applied Physiology
10.1152/ajpregu.00338.2006,"American Journal of Physiology-Regulatory, Integrative and Comparative Physiology"
10.1152/ajpendo.00113.2006,American Journal of Physiology-Endocrinology and Metabolism
10.1152/japplphysiol.00224.2006,Journal of Applied Physiology
10.1152/japplphysiol.00475.2006,Journal of Applied Physiology
10.1152/ajpregu.00858.2005,"American Journal of Physiology-Regulatory, Integrative and Comparative Physiology"
10.1152/ajpregu.00130.2006,"American Journal of Physiology-Regulatory, Integrative and Comparative Physiology"
10.1152/ajpcell.00643.2005,American Journal of Physiology-Cell Physiology
10.1152/ajpregu.00700.2005,"American Journal of Physiology-Regulatory, Integrative and Comparative Physiology"
10.1152/japplphysiol.00144.2006,Journal of Applied Physiology
10.1152/japplphysiol.01595.2005,Journal of Applied Physiology
10.1152/japplphysiol.00135.2006,Journal of Applied Physiology
10.1152/ajpendo.00020.2006,American Journal of Physiology-Endocrinology and Metabolism
10.1152/japplphysiol.00382.2006,Journal of Applied Physiology
10.1152/japplphysiol.01398.2005,Journal of Applied Physiology
10.1152/japplphysiol.00052.2006,Journal of Applied Physiology
10.1152/japplphysiol.01452.2005,Journal of Applied Physiology
10.1152/japplphysiol.00046.2006,Journal of Applied Physiology
10.1152/ajpregu.00605.2005,"American Journal of Physiology-Regulatory, Integrative and Comparative Physiology"
10.1152/ajpendo.00500.2005,American Journal of Physiology-Endocrinology and Metabolism
10.1152/japplphysiol.01284.2005,Journal of Applied Physiology
10.1152/japplphysiol.00806.2005,Journal of Applied Physiology
10.1152/japplphysiol.01484.2005,Journal of Applied Physiology
10.1152/ajpregu.00738.2005,"American Journal of Physiology-Regulatory, Integrative and Comparative Physiology"
10.1152/japplphysiol.01267.2005,Journal of Applied Physiology
10.1152/japplphysiol.01125.2005,Journal of Applied Physiology
10.1152/ajpendo.00445.2005,American Journal of Physiology-Endocrinology and Metabolism
10.1152/ajpendo.00348.2005,American Journal of Physiology-Endocrinology and Metabolism
10.1152/japplphysiol.00359.2005,Journal of Applied Physiology
10.1152/japplphysiol.00818.2005,Journal of Applied Physiology
10.1152/japplphysiol.00361.2005,Journal of Applied Physiology
10.1152/japplphysiol.00742.2005,Journal of Applied Physiology
10.1152/ajpendo.00357.2005,American Journal of Physiology-Endocrinology and Metabolism
10.1152/japplphysiol.00491.2005,Journal of Applied Physiology
10.1152/japplphysiol.00712.2005,Journal of Applied Physiology
10.1152/japplphysiol.00322.2005,Journal of Applied Physiology
10.1152/japplphysiol.00932.2005,Journal of Applied Physiology
10.1152/japplphysiol.01083.2005,Journal of Applied Physiology
10.1152/ajpregu.00562.2005,"American Journal of Physiology-Regulatory, Integrative and Comparative Physiology"
10.1152/japplphysiol.00541.2005,Journal of Applied Physiology
10.1152/ajpregu.00172.2005,"American Journal of Physiology-Regulatory, Integrative and Comparative Physiology"
10.1152/ajpendo.00314.2005,American Journal of Physiology-Endocrinology and Metabolism
10.1152/ajpendo.00268.2005,American Journal of Physiology-Endocrinology and Metabolism
10.1152/ajpendo.00263.2005,American Journal of Physiology-Endocrinology and Metabolism
10.1152/japplphysiol.00813.2005,Journal of Applied Physiology
10.1152/ajpcell.00291.2005,American Journal of Physiology-Cell Physiology
10.1152/japplphysiol.00474.2005,Journal of Applied Physiology
10.1152/japplphysiol.00804.2005,Journal of Applied Physiology
10.1152/japplphysiol.00808.2005,Journal of Applied Physiology
10.1152/japplphysiol.00309.2005,Journal of Applied Physiology
10.1152/japplphysiol.00497.2005,Journal of Applied Physiology
10.1152/japplphysiol.00565.2005,Journal of Applied Physiology
10.1152/ajpheart.00224.2005,American Journal of Physiology-Heart and Circulatory Physiology
10.1152/ajpheart.00951.2004,American Journal of Physiology-Heart and Circulatory Physiology
10.1152/japplphysiol.00197.2005,Journal of Applied Physiology
10.1152/japplphysiol.01431.2004,Journal of Applied Physiology
10.1152/japplphysiol.00053.2005,Journal of Applied Physiology
10.1152/japplphysiol.00275.2005,Journal of Applied Physiology
10.1152/japplphysiol.00156.2005,Journal of Applied Physiology
10.1152/japplphysiol.01407.2004,Journal of Applied Physiology
10.1152/ajpendo.00001.2005,American Journal of Physiology-Endocrinology and Metabolism
10.1152/ajpendo.00100.2005,American Journal of Physiology-Endocrinology and Metabolism
10.1152/japplphysiol.00973.2004,Journal of Applied Physiology
10.1152/ajpregu.00652.2004,"American Journal of Physiology-Regulatory, Integrative and Comparative Physiology"
10.1152/japplphysiol.01261.2004,Journal of Applied Physiology
10.1152/japplphysiol.01354.2004,Journal of Applied Physiology
10.1152/japplphysiol.00813.2004,Journal of Applied Physiology
10.1152/ajpheart.01151.2004,American Journal of Physiology-Heart and Circulatory Physiology
10.1152/japplphysiol.00216.2005,Journal of Applied Physiology
10.1152/japplphysiol.01095.2004,Journal of Applied Physiology
10.1152/ajpregu.00676.2004,"American Journal of Physiology-Regulatory, Integrative and Comparative Physiology"
10.1152/ajpregu.00547.2004,"American Journal of Physiology-Regulatory, Integrative and Comparative Physiology"
10.1152/japplphysiol.00607.2004,Journal of Applied Physiology
10.1152/japplphysiol.00837.2004,Journal of Applied Physiology
10.1152/japplphysiol.00936.2004,Journal of Applied Physiology
10.1152/ajpregu.00628.2004,"American Journal of Physiology-Regulatory, Integrative and Comparative Physiology"
10.1152/japplphysiol.01028.2004,Journal of Applied Physiology
10.1152/japplphysiol.01211.2004,Journal of Applied Physiology
10.1152/japplphysiol.00233.2004,Journal of Applied Physiology
10.1152/japplphysiol.00251.2004,Journal of Applied Physiology
10.1152/japplphysiol.01194.2003,Journal of Applied Physiology
10.1152/japplphysiol.00787.2004,Journal of Applied Physiology
10.1152/japplphysiol.00754.2004,Journal of Applied Physiology
10.1152/japplphysiol.00258.2004,Journal of Applied Physiology
10.1152/japplphysiol.01335.2003,Journal of Applied Physiology
10.1152/japplphysiol.00897.2004,Journal of Applied Physiology
10.1152/ajpregu.00147.2004,"American Journal of Physiology-Regulatory, Integrative and Comparative Physiology"
10.1152/japplphysiol.00565.2004,Journal of Applied Physiology
10.1152/japplphysiol.00466.2004,Journal of Applied Physiology
10.1152/japplphysiol.00421.2004,Journal of Applied Physiology
10.1152/ajpregu.00242.2004,"American Journal of Physiology-Regulatory, Integrative and Comparative Physiology"
10.1152/ajpendo.00302.2004,American Journal of Physiology-Endocrinology and Metabolism
10.1152/japplphysiol.00169.2004,Journal of Applied Physiology
10.1152/japplphysiol.00365.2004,Journal of Applied Physiology
10.1152/ajpendo.00056.2004,American Journal of Physiology-Endocrinology and Metabolism
10.1152/japplphysiol.00357.2004,Journal of Applied Physiology
10.1152/japplphysiol.00371.2004,Journal of Applied Physiology
10.1152/japplphysiol.01325.2003,Journal of Applied Physiology
10.1152/ajpendo.00001.2004,American Journal of Physiology-Endocrinology and Metabolism
10.1152/japplphysiol.00231.2004,Journal of Applied Physiology
10.1152/japplphysiol.01280.2003,Journal of Applied Physiology
10.1152/ajpheart.00840.2003,American Journal of Physiology-Heart and Circulatory Physiology
10.1152/ajpregu.00030.2004,"American Journal of Physiology-Regulatory, Integrative and Comparative Physiology"
10.1152/japplphysiol.00784.2003,Journal of Applied Physiology
10.1152/japplphysiol.00971.2003,Journal of Applied Physiology
10.1152/japplphysiol.00447.2003,Journal of Applied Physiology
10.1152/japplphysiol.00612.2003,Journal of Applied Physiology
10.1152/japplphysiol.01331.2003,Journal of Applied Physiology
10.1152/japplphysiol.01344.2003,Journal of Applied Physiology
10.1152/japplphysiol.00195.2004,Journal of Applied Physiology
10.1152/japplphysiol.00715.2003,Journal of Applied Physiology
10.1152/japplphysiol.00954.2003,Journal of Applied Physiology
10.1152/japplphysiol.01398.2003,Journal of Applied Physiology
10.1152/japplphysiol.01179.2003,Journal of Applied Physiology
10.1152/japplphysiol.00958.2003,Journal of Applied Physiology
10.1152/japplphysiol.01201.2003,Journal of Applied Physiology
10.1152/japplphysiol.01370.2003,Journal of Applied Physiology
10.1152/japplphysiol.00969.2003,Journal of Applied Physiology
10.1152/japplphysiol.01273.2003,Journal of Applied Physiology
10.1152/japplphysiol.00979.2003,Journal of Applied Physiology
10.1152/ajpheart.01001.2003,American Journal of Physiology-Heart and Circulatory Physiology
10.1152/japplphysiol.00973.2003,Journal of Applied Physiology
10.1152/japplphysiol.01023.2003,Journal of Applied Physiology
10.1152/japplphysiol.00974.2003,Journal of Applied Physiology
10.1152/japplphysiol.01198.2003,Journal of Applied Physiology
10.1152/japplphysiol.01040.2003,Journal of Applied Physiology
10.1152/japplphysiol.01057.2002,Journal of Applied Physiology
10.1152/japplphysiol.00725.2003,Journal of Applied Physiology
10.1152/japplphysiol.00656.2003,Journal of Applied Physiology
10.1152/japplphysiol.00799.2003,Journal of Applied Physiology
10.1152/japplphysiol.00498.2003,Journal of Applied Physiology
10.1152/japplphysiol.00559.2003,Journal of Applied Physiology
10.1152/ajpendo.00159.2003,American Journal of Physiology-Endocrinology and Metabolism
10.1152/japplphysiol.00748.2003,Journal of Applied Physiology
10.1152/ajpendo.00198.2003,American Journal of Physiology-Endocrinology and Metabolism
10.1152/japplphysiol.00458.2003,Journal of Applied Physiology
10.1152/japplphysiol.00415.2003,Journal of Applied Physiology
10.1152/japplphysiol.00361.2003,Journal of Applied Physiology
10.1152/japplphysiol.00891.2002,Journal of Applied Physiology
10.1152/japplphysiol.01142.2002,Journal of Applied Physiology
10.1152/japplphysiol.01006.2002,Journal of Applied Physiology
10.1152/japplphysiol.00956.2002,Journal of Applied Physiology
10.1152/japplphysiol.00483.2002,Journal of Applied Physiology
10.1152/ajpregu.00549.2002,"American Journal of Physiology-Regulatory, Integrative and Comparative Physiology"
10.1152/japplphysiol.00471.2002,Journal of Applied Physiology
10.1152/japplphysiol.00695.2002,Journal of Applied Physiology
10.1152/japplphysiol.00493.2002,Journal of Applied Physiology
10.1152/japplphysiol.00774.2002,Journal of Applied Physiology
10.1152/japplphysiol.01130.2002,Journal of Applied Physiology
10.1152/japplphysiol.00898.2002,Journal of Applied Physiology
10.1152/japplphysiol.00456.2002,Journal of Applied Physiology
10.1152/japplphysiol.00911.2002,Journal of Applied Physiology
10.1152/ajpheart.00790.2002,American Journal of Physiology-Heart and Circulatory Physiology
10.1152/japplphysiol.00884.2002,Journal of Applied Physiology
10.1152/ajpendo.00436.2002,American Journal of Physiology-Endocrinology and Metabolism
10.1152/japplphysiol.00879.2002,Journal of Applied Physiology
10.1152/japplphysiol.00735.2002,Journal of Applied Physiology
10.1152/japplphysiol.00720.2002,Journal of Applied Physiology
10.1152/japplphysiol.00508.2002,Journal of Applied Physiology
10.1152/japplphysiol.00079.2002,Journal of Applied Physiology
10.1152/japplphysiol.00817.2002,Journal of Applied Physiology
10.1152/japplphysiol.00532.2002,Journal of Applied Physiology
10.1152/japplphysiol.00503.2003,Journal of Applied Physiology
10.1152/japplphysiol.00298.2003,Journal of Applied Physiology
10.1152/japplphysiol.00651.2003,Journal of Applied Physiology
10.1152/japplphysiol.00118.2003,Journal of Applied Physiology
10.1152/japplphysiol.00242.2003,Journal of Applied Physiology
10.1152/japplphysiol.00197.2003,Journal of Applied Physiology
10.1152/ajpheart.00559.2003,American Journal of Physiology-Heart and Circulatory Physiology
10.1152/physiolgenomics.00165.2002,Physiological Genomics
10.1152/japplphysiol.00472.2003,Journal of Applied Physiology
10.1152/japplphysiol.00921.2002,Journal of Applied Physiology
10.1152/japplphysiol.00024.2003,Journal of Applied Physiology
10.1152/japplphysiol.00140.2002,Journal of Applied Physiology
10.1152/japplphysiol.00631.2001,Journal of Applied Physiology
10.1152/japplphysiol.00693.2002,Journal of Applied Physiology
10.1152/ajpcell.00242.2002,American Journal of Physiology-Cell Physiology
10.1152/japplphysiol.00625.2001,Journal of Applied Physiology
10.1152/ajpendo.00443.2001,American Journal of Physiology-Endocrinology and Metabolism
10.1152/japplphysiol.00521.2002,Journal of Applied Physiology
10.1152/japplphysiol.00111.2002,Journal of Applied Physiology
10.1152/japplphysiol.00762.2000,Journal of Applied Physiology
10.1152/japplphysiol.00249.2002,Journal of Applied Physiology
10.1152/japplphysiol.01164.2001,Journal of Applied Physiology
10.1152/ajpendo.00567.2001,American Journal of Physiology-Endocrinology and Metabolism
10.1152/ajpendo.00504.2001,American Journal of Physiology-Endocrinology and Metabolism
10.1152/ajpendo.00475.2001,American Journal of Physiology-Endocrinology and Metabolism
10.1152/japplphysiol.00296.2001,Journal of Applied Physiology
10.1152/japplphysiol.00482.2001,Journal of Applied Physiology
10.1152/japplphysiol.00690.2001,Journal of Applied Physiology
10.1152/japplphysiol.00186.2001,Journal of Applied Physiology
10.1152/japplphysiol.00598.2001,Journal of Applied Physiology
10.1152/japplphysiol.00437.2001,Journal of Applied Physiology
10.1152/japplphysiol.00546.2001,Journal of Applied Physiology
10.1152/ajpendo.00101.2001,American Journal of Physiology-Endocrinology and Metabolism
10.1152/ajpendo.00266.2001,American Journal of Physiology-Endocrinology and Metabolism
10.1152/japplphysiol.01263.2001,Journal of Applied Physiology
10.1152/ajpheart.00977.2001,American Journal of Physiology-Heart and Circulatory Physiology
10.1152/ajpheart.2002.282.1.h66,American Journal of Physiology-Heart and Circulatory Physiology
10.1152/ajpendo.2002.282.1.e154,American Journal of Physiology-Endocrinology and Metabolism
10.1152/ajpendo.2002.282.1.e95,American Journal of Physiology-Endocrinology and Metabolism
10.1152/japplphysiol.00207.2001,Journal of Applied Physiology
10.1152/japplphysiol.01050.2001,Journal of Applied Physiology
10.1152/japplphysiol.00612.2001,Journal of Applied Physiology
10.1152/japplphysiol.01217.2001,Journal of Applied Physiology
10.1152/japplphysiol.01262.2001,Journal of Applied Physiology
10.1152/japplphysiol.01095.2001,Journal of Applied Physiology
10.1152/japplphysiol.01239.2001,Journal of Applied Physiology
10.1152/japplphysiol.00049.2002,Journal of Applied Physiology
10.1152/japplphysiol.01080.2001,Journal of Applied Physiology
10.1152/ajpendo.2001.281.6.e1144,American Journal of Physiology-Endocrinology and Metabolism
10.1152/ajpregu.2001.281.5.r1492,"American Journal of Physiology-Regulatory, Integrative and Comparative Physiology"
10.1152/jappl.2001.90.2.538,Journal of Applied Physiology
10.1152/jappl.2001.90.3.1057,Journal of Applied Physiology
10.1152/jappl.2001.90.3.1031,Journal of Applied Physiology
10.1152/jappl.2001.90.3.1013,Journal of Applied Physiology
10.1152/jappl.2001.90.3.897,Journal of Applied Physiology
10.1152/jappl.2001.90.3.926,Journal of Applied Physiology
10.1152/jappl.2001.90.3.903,Journal of Applied Physiology
10.1152/jappl.2001.90.6.2188,Journal of Applied Physiology
10.1152/ajpendo.2001.280.5.e752,American Journal of Physiology-Endocrinology and Metabolism
10.1152/jappl.2001.90.6.2319,Journal of Applied Physiology
10.1152/jappl.2001.90.6.2075,Journal of Applied Physiology
10.1152/jappl.2001.90.6.2439,Journal of Applied Physiology
10.1152/ajpendo.2001.280.3.e391,American Journal of Physiology-Endocrinology and Metabolism
10.1152/ajpendo.2001.280.4.e657,American Journal of Physiology-Endocrinology and Metabolism
10.1152/ajpcell.2001.280.6.c1570,American Journal of Physiology-Cell Physiology
10.1152/ajpendo.2001.280.6.e886,American Journal of Physiology-Endocrinology and Metabolism
10.1152/ajpendo.2001.280.6.e898,American Journal of Physiology-Endocrinology and Metabolism
10.1152/jappl.2001.91.1.91,Journal of Applied Physiology
10.1152/ajpheart.2001.280.3.h1383,American Journal of Physiology-Heart and Circulatory Physiology
10.1152/jappl.2001.91.1.218,Journal of Applied Physiology
10.1152/jappl.2001.91.1.173,Journal of Applied Physiology
10.1152/jappl.2001.91.2.654,Journal of Applied Physiology
10.1152/jappl.2001.91.2.847,Journal of Applied Physiology
10.1152/jappl.2001.91.3.1113,Journal of Applied Physiology
10.1152/ajpheart.2001.281.3.h1267,American Journal of Physiology-Heart and Circulatory Physiology
10.1152/ajpregu.2001.281.3.r760,"American Journal of Physiology-Regulatory, Integrative and Comparative Physiology"
10.1152/ajpcell.2001.281.3.c1001,American Journal of Physiology-Cell Physiology
10.1152/jappl.2001.91.4.1708,Journal of Applied Physiology
10.1152/ajpendo.2001.281.4.e683,American Journal of Physiology-Endocrinology and Metabolism
10.1152/jappl.2001.91.5.2282,Journal of Applied Physiology
10.1152/jappl.2001.91.5.2125,Journal of Applied Physiology
10.1152/jappl.2001.91.5.2135,Journal of Applied Physiology
10.1152/jappl.2001.90.6.2212,Journal of Applied Physiology
10.1152/jappl.2001.90.6.2081,Journal of Applied Physiology
10.1152/jappl.2000.88.1.346,Journal of Applied Physiology
10.1152/ajpheart.2000.278.1.h162,American Journal of Physiology-Heart and Circulatory Physiology
10.1152/ajpendo.2000.278.5.e949,American Journal of Physiology-Endocrinology and Metabolism
10.1152/jappl.2000.89.3.899,Journal of Applied Physiology
10.1152/jappl.2000.89.3.1189,Journal of Applied Physiology
10.1152/jappl.2000.88.5.1707,Journal of Applied Physiology
10.1152/ajpregu.2000.278.5.r1282,"American Journal of Physiology-Regulatory, Integrative and Comparative Physiology"
10.1152/jappl.2000.88.5.1513,Journal of Applied Physiology
10.1152/ajpheart.2000.278.3.h829,American Journal of Physiology-Heart and Circulatory Physiology
10.1152/jappl.2000.88.4.1215,Journal of Applied Physiology
10.1152/jappl.2000.88.5.1715,Journal of Applied Physiology
10.1152/jappl.2000.88.3.957,Journal of Applied Physiology
10.1152/jappl.2000.88.1.300,Journal of Applied Physiology
10.1152/jappl.2000.88.2.738,Journal of Applied Physiology
10.1152/ajpendo.2000.278.1.e118,American Journal of Physiology-Endocrinology and Metabolism
10.1152/jappl.2000.88.6.2151,Journal of Applied Physiology
10.1152/jappl.2000.88.6.1976,Journal of Applied Physiology
10.1152/jappl.2000.89.1.176,Journal of Applied Physiology
10.1152/jappl.2000.89.1.218,Journal of Applied Physiology
10.1152/jappl.2000.89.1.131,Journal of Applied Physiology
10.1152/jappl.2000.89.2.549,Journal of Applied Physiology
10.1152/jappl.2000.89.2.649,Journal of Applied Physiology
10.1152/jappl.2000.89.4.1412,Journal of Applied Physiology
10.1152/jappl.2000.89.4.1499,Journal of Applied Physiology
10.1152/jappl.2000.89.5.1793,Journal of Applied Physiology
10.1152/jappl.2000.89.5.1690,Journal of Applied Physiology
10.1152/jappl.2000.89.5.1744,Journal of Applied Physiology
10.1152/ajpregu.2000.279.5.r1872,"American Journal of Physiology-Regulatory, Integrative and Comparative Physiology"
10.1152/ajpendo.2000.279.5.e989,American Journal of Physiology-Endocrinology and Metabolism
10.1152/ajpendo.2000.279.6.e1383,American Journal of Physiology-Endocrinology and Metabolism
10.1152/ajpregu.2000.279.6.r2229,"American Journal of Physiology-Regulatory, Integrative and Comparative Physiology"
10.1152/jappl.2000.88.4.1407,Journal of Applied Physiology
10.1152/advances.1999.277.6.s155,Advances in Physiology Education
10.1152/jappl.1999.86.6.2097,Journal of Applied Physiology
10.1152/jappl.1999.86.6.2059,Journal of Applied Physiology
10.1152/ajpheart.1999.276.6.h2188,American Journal of Physiology-Heart and Circulatory Physiology
10.1152/jappl.1999.86.2.479,Journal of Applied Physiology
10.1152/jappl.1999.86.3.806,Journal of Applied Physiology
10.1152/jappl.1999.86.2.531,Journal of Applied Physiology
10.1152/jappl.1999.86.3.915,Journal of Applied Physiology
10.1152/jappl.1999.86.2.611,Journal of Applied Physiology
10.1152/jappl.1999.86.3.970,Journal of Applied Physiology
10.1152/jappl.1999.86.2.709,Journal of Applied Physiology
10.1152/jappl.1999.86.5.1583,Journal of Applied Physiology
10.1152/ajpheart.1999.277.3.h947,American Journal of Physiology-Heart and Circulatory Physiology
10.1152/ajpendo.1999.277.2.e325,American Journal of Physiology-Endocrinology and Metabolism
10.1152/jappl.1999.87.3.1083,Journal of Applied Physiology
10.1152/jappl.1999.87.2.643,Journal of Applied Physiology
10.1152/jappl.1999.87.3.938,Journal of Applied Physiology
10.1152/jappl.1999.87.2.809,Journal of Applied Physiology
10.1152/jappl.1999.87.1.253,Journal of Applied Physiology
10.1152/jappl.1999.87.6.2037,Journal of Applied Physiology
10.1152/jappl.1999.87.1.222,Journal of Applied Physiology
10.1152/jappl.1999.87.6.2136,Journal of Applied Physiology
10.1152/jappl.1999.87.1.339,Journal of Applied Physiology
10.1152/ajpendo.1999.277.1.e39,American Journal of Physiology-Endocrinology and Metabolism
10.1152/jappl.1999.87.1.111,Journal of Applied Physiology
10.1152/jappl.1999.87.6.2334,Journal of Applied Physiology
10.1152/jappl.1999.87.1.124,Journal of Applied Physiology
10.1152/jappl.1999.87.6.2237,Journal of Applied Physiology
10.1152/jappl.1999.86.1.52,Journal of Applied Physiology
10.1152/jappl.1999.87.1.325,Journal of Applied Physiology
10.1152/jappl.1999.87.3.1003,Journal of Applied Physiology
10.1152/jappl.1999.86.5.1534,Journal of Applied Physiology
10.1152/jappl.1999.87.6.2097,Journal of Applied Physiology
10.1152/jappl.1998.85.1.310,Journal of Applied Physiology
10.1152/ajpregu.1998.275.6.r1725,"American Journal of Physiology-Regulatory, Integrative and Comparative Physiology"
10.1152/jappl.1998.84.5.1581,Journal of Applied Physiology
10.1152/jappl.1998.84.5.1768,Journal of Applied Physiology
10.1152/jappl.1998.84.2.599,Journal of Applied Physiology
10.1152/jappl.1998.85.2.609,Journal of Applied Physiology
10.1152/jappl.1998.85.2.418,Journal of Applied Physiology
10.1152/jappl.1998.84.6.2138,Journal of Applied Physiology
10.1152/jappl.1998.84.6.1872,Journal of Applied Physiology
10.1152/jappl.1998.85.1.154,Journal of Applied Physiology
10.1152/jappl.1998.85.1.68,Journal of Applied Physiology
10.1152/jappl.1998.85.6.2270,Journal of Applied Physiology
10.1152/jappl.1998.85.6.2220,Journal of Applied Physiology
10.1152/jappl.1998.85.5.1823,Journal of Applied Physiology
10.1152/jappl.1998.85.5.1833,Journal of Applied Physiology
10.1152/jappl.1998.85.6.2082,Journal of Applied Physiology
10.1152/jappl.1998.85.3.1169,Journal of Applied Physiology
10.1152/jappl.1998.85.4.1376,Journal of Applied Physiology
10.1152/jappl.1998.85.4.1337,Journal of Applied Physiology
10.1152/jappl.1998.85.4.1448,Journal of Applied Physiology
10.1152/jappl.1998.85.4.1384,Journal of Applied Physiology
10.1152/jappl.1998.85.6.2118,Journal of Applied Physiology
10.1152/jappl.1997.83.1.5,Journal of Applied Physiology
10.1152/jappl.1997.82.5.1662,Journal of Applied Physiology
10.1152/jappl.1997.82.1.342,Journal of Applied Physiology
10.1152/jappl.1997.83.6.1933,Journal of Applied Physiology
10.1152/jappl.1997.83.6.1822,Journal of Applied Physiology
10.1152/jappl.1997.83.6.1947,Journal of Applied Physiology
10.1152/jappl.1997.83.6.2080,Journal of Applied Physiology
10.1152/jappl.1997.82.2.661,Journal of Applied Physiology
10.1152/jappl.1997.82.1.270,Journal of Applied Physiology
10.1152/ajpendo.1997.272.2.e239,American Journal of Physiology-Endocrinology and Metabolism
10.1152/jappl.1997.82.6.1897,Journal of Applied Physiology
10.1152/jappl.1997.82.4.1305,Journal of Applied Physiology
10.1152/ajpheart.1997.272.3.h1070,American Journal of Physiology-Heart and Circulatory Physiology
10.1152/jappl.1997.82.4.1185,Journal of Applied Physiology
10.1152/jappl.1997.82.5.1523,Journal of Applied Physiology
10.1152/ajpendo.1997.272.2.e255,American Journal of Physiology-Endocrinology and Metabolism
10.1152/jappl.1997.82.4.1360,Journal of Applied Physiology
10.1152/jappl.1997.82.6.1979,Journal of Applied Physiology
10.1152/jappl.1997.82.6.1844,Journal of Applied Physiology
10.1152/jappl.1997.82.3.723,Journal of Applied Physiology
10.1152/jappl.1997.82.4.1237,Journal of Applied Physiology
10.1152/jappl.1997.82.4.1229,Journal of Applied Physiology
10.1152/ajpregu.1997.272.5.r1417,"American Journal of Physiology-Regulatory, Integrative and Comparative Physiology"
10.1152/ajpendo.1997.272.3.e385,American Journal of Physiology-Endocrinology and Metabolism
10.1152/jappl.1997.83.1.153,Journal of Applied Physiology
10.1152/jappl.1997.83.3.897,Journal of Applied Physiology
10.1152/ajpregu.1997.273.3.r1072,"American Journal of Physiology-Regulatory, Integrative and Comparative Physiology"
10.1152/ajpregu.1997.272.6.r2025,"American Journal of Physiology-Regulatory, Integrative and Comparative Physiology"
10.1152/ajpendo.1997.273.2.e348,American Journal of Physiology-Endocrinology and Metabolism
10.1152/jappl.1997.83.1.82,Journal of Applied Physiology
10.1152/jappl.1997.83.3.948,Journal of Applied Physiology
10.1152/ajpheart.1997.273.2.h777,American Journal of Physiology-Heart and Circulatory Physiology
10.1152/jappl.1997.83.2.511,Journal of Applied Physiology
10.1152/jappl.1997.83.2.631,Journal of Applied Physiology
10.1152/jappl.1997.83.4.1235,Journal of Applied Physiology
10.1152/jappl.1996.81.1.252,Journal of Applied Physiology
10.1152/jappl.1996.81.6.2495,Journal of Applied Physiology
10.1152/jappl.1996.81.6.2674,Journal of Applied Physiology
10.1152/ajpendo.1996.271.6.e983,American Journal of Physiology-Endocrinology and Metabolism
10.1152/jappl.1996.81.6.2571,Journal of Applied Physiology
10.1152/jappl.1996.80.1.363,Journal of Applied Physiology
10.1152/jappl.1996.80.1.285,Journal of Applied Physiology
10.1152/jappl.1996.80.2.491,Journal of Applied Physiology
10.1152/jappl.1996.80.6.2204,Journal of Applied Physiology
10.1152/jappl.1996.80.6.2217,Journal of Applied Physiology
10.1152/jappl.1996.80.6.2156,Journal of Applied Physiology
10.1152/jappl.1996.80.2.605,Journal of Applied Physiology
10.1152/jappl.1996.80.1.99,Journal of Applied Physiology
10.1152/ajpendo.1996.270.1.e116,American Journal of Physiology-Endocrinology and Metabolism
10.1152/jappl.1996.80.3.876,Journal of Applied Physiology
10.1152/ajpendo.1996.270.2.e328,American Journal of Physiology-Endocrinology and Metabolism
10.1152/jappl.1996.80.4.1345,Journal of Applied Physiology
10.1152/ajpregu.1996.270.2.r420,"American Journal of Physiology-Regulatory, Integrative and Comparative Physiology"
10.1152/jappl.1996.80.3.1021,Journal of Applied Physiology
10.1152/jappl.1996.80.4.1180,Journal of Applied Physiology
10.1152/jappl.1996.80.5.1554,Journal of Applied Physiology
10.1152/ajpregu.1996.271.5.r1251,"American Journal of Physiology-Regulatory, Integrative and Comparative Physiology"
10.1152/jappl.1996.81.5.2027,Journal of Applied Physiology
10.1152/jappl.1996.81.4.1594,Journal of Applied Physiology
10.1152/ajpendo.1996.271.5.e938,American Journal of Physiology-Endocrinology and Metabolism
10.1152/ajpregu.1996.271.1.r222,"American Journal of Physiology-Regulatory, Integrative and Comparative Physiology"
10.1152/jappl.1996.81.2.556,Journal of Applied Physiology
10.1152/jappl.1996.81.2.686,Journal of Applied Physiology
10.1152/jappl.1996.81.3.1115,Journal of Applied Physiology
10.1152/jappl.1996.81.3.1150,Journal of Applied Physiology
10.1152/jappl.1996.81.2.780,Journal of Applied Physiology
10.1152/jappl.1996.81.2.801,Journal of Applied Physiology
10.1152/jappl.1996.81.3.1388,Journal of Applied Physiology
10.1152/jappl.1995.79.6.1939,Journal of Applied Physiology
10.1152/jappl.1995.79.6.1936,Journal of Applied Physiology
10.1152/jappl.1995.79.6.1914,Journal of Applied Physiology
10.1152/jappl.1995.79.6.2029,Journal of Applied Physiology
10.1152/jappl.1995.79.1.279,Journal of Applied Physiology
10.1152/jappl.1995.79.1.146,Journal of Applied Physiology
10.1152/jappl.1995.79.2.575,Journal of Applied Physiology
10.1152/ajpendo.1995.269.3.e583,American Journal of Physiology-Endocrinology and Metabolism
10.1152/jappl.1995.79.3.781,Journal of Applied Physiology
10.1152/jappl.1995.78.5.1931,Journal of Applied Physiology
10.1152/ajpheart.1995.268.6.h2311,American Journal of Physiology-Heart and Circulatory Physiology
10.1152/jappl.1995.78.5.1868,Journal of Applied Physiology
10.1152/jappl.1995.79.3.818,Journal of Applied Physiology
10.1152/jappl.1995.78.5.1657,Journal of Applied Physiology
10.1152/jappl.1995.79.3.756,Journal of Applied Physiology
10.1152/jappl.1995.79.3.958,Journal of Applied Physiology
10.1152/jappl.1995.79.3.838,Journal of Applied Physiology
10.1152/jappl.1995.78.6.2228,Journal of Applied Physiology
10.1152/jappl.1995.78.1.307,Journal of Applied Physiology
10.1152/jappl.1995.78.4.1569,Journal of Applied Physiology
10.1152/jappl.1995.78.4.1360,Journal of Applied Physiology
10.1152/jappl.1995.78.3.823,Journal of Applied Physiology
10.1152/jappl.1995.78.3.1203,Journal of Applied Physiology
10.1152/jappl.1995.78.4.1596,Journal of Applied Physiology
10.1152/jappl.1995.78.3.976,Journal of Applied Physiology
10.1152/jappl.1995.78.3.802,Journal of Applied Physiology
10.1152/jappl.1995.78.1.288,Journal of Applied Physiology
10.1152/jappl.1995.78.2.674,Journal of Applied Physiology
10.1152/jappl.1995.78.1.300,Journal of Applied Physiology
10.1152/jappl.1995.79.5.1562,Journal of Applied Physiology
10.1152/jappl.1995.79.4.1206,Journal of Applied Physiology
10.1152/jappl.1995.78.1.217,Journal of Applied Physiology
10.1152/ajpendo.1994.267.6.e934,American Journal of Physiology-Endocrinology and Metabolism
10.1152/jappl.1994.77.6.2625,Journal of Applied Physiology
10.1152/jappl.1994.76.6.2452,Journal of Applied Physiology
10.1152/jappl.1994.76.6.2298,Journal of Applied Physiology
10.1152/jappl.1994.76.4.1818,Journal of Applied Physiology
10.1152/jappl.1994.76.6.2586,Journal of Applied Physiology
10.1152/jappl.1994.76.3.1211,Journal of Applied Physiology
10.1152/ajpregu.1994.266.6.r1896,"American Journal of Physiology-Regulatory, Integrative and Comparative Physiology"
10.1152/jappl.1994.76.3.1269,Journal of Applied Physiology
10.1152/jappl.1994.76.6.2386,Journal of Applied Physiology
10.1152/jappl.1994.76.4.1548,Journal of Applied Physiology
10.1152/jappl.1994.76.3.1144,Journal of Applied Physiology
10.1152/jappl.1994.76.3.1043,Journal of Applied Physiology
10.1152/jappl.1994.77.1.93,Journal of Applied Physiology
10.1152/jappl.1994.76.4.1462,Journal of Applied Physiology
10.1152/jappl.1994.76.6.2364,Journal of Applied Physiology
10.1152/jappl.1994.77.1.245,Journal of Applied Physiology
10.1152/jappl.1994.76.4.1802,Journal of Applied Physiology
10.1152/jappl.1994.77.2.1021,Journal of Applied Physiology
10.1152/jappl.1994.77.2.912,Journal of Applied Physiology
10.1152/jappl.1994.77.3.1500,Journal of Applied Physiology
10.1152/jappl.1994.77.5.2408,Journal of Applied Physiology
10.1152/jappl.1994.77.5.2385,Journal of Applied Physiology
10.1152/jappl.1994.76.1.72,Journal of Applied Physiology
10.1152/jappl.1994.77.4.1691,Journal of Applied Physiology
10.1152/ajpendo.1994.266.1.e136,American Journal of Physiology-Endocrinology and Metabolism
10.1152/jappl.1994.77.2.684,Journal of Applied Physiology
10.1152/jappl.1994.76.1.120,Journal of Applied Physiology
10.1152/jappl.1994.77.5.2413,Journal of Applied Physiology
10.1152/jappl.1994.77.4.2018,Journal of Applied Physiology
10.1152/jappl.1994.76.1.230,Journal of Applied Physiology
10.1152/jappl.1994.77.2.647,Journal of Applied Physiology
10.1152/jappl.1994.77.4.1935,Journal of Applied Physiology
10.1152/jappl.1993.75.4.1691,Journal of Applied Physiology
10.1152/jappl.1993.74.2.965,Journal of Applied Physiology
10.1152/jappl.1993.74.2.567,Journal of Applied Physiology
10.1152/ajpendo.1993.264.2.e215,American Journal of Physiology-Endocrinology and Metabolism
10.1152/jappl.1993.74.1.245,Journal of Applied Physiology
10.1152/jappl.1993.74.2.755,Journal of Applied Physiology
10.1152/jappl.1993.75.4.1477,Journal of Applied Physiology
10.1152/jappl.1993.75.4.1911,Journal of Applied Physiology
10.1152/jappl.1993.75.3.1180,Journal of Applied Physiology
10.1152/jappl.1993.75.4.1822,Journal of Applied Physiology
10.1152/jappl.1993.74.3.1012,Journal of Applied Physiology
10.1152/jappl.1993.74.2.825,Journal of Applied Physiology
10.1152/jappl.1993.74.2.875,Journal of Applied Physiology
10.1152/jappl.1993.74.1.49,Journal of Applied Physiology
10.1152/jappl.1993.74.2.888,Journal of Applied Physiology
10.1152/jappl.1993.75.5.1968,Journal of Applied Physiology
10.1152/jappl.1993.75.4.1654,Journal of Applied Physiology
10.1152/ajpendo.1993.265.3.e380,American Journal of Physiology-Endocrinology and Metabolism
10.1152/jappl.1993.75.4.1513,Journal of Applied Physiology
10.1152/jappl.1993.75.3.1208,Journal of Applied Physiology
10.1152/jappl.1993.75.1.70,Journal of Applied Physiology
10.1152/jappl.1993.75.2.755,Journal of Applied Physiology
10.1152/jappl.1993.74.5.2353,Journal of Applied Physiology
10.1152/jappl.1993.75.4.1683,Journal of Applied Physiology
10.1152/jappl.1993.75.5.1962,Journal of Applied Physiology
10.1152/jappl.1993.75.2.813,Journal of Applied Physiology
10.1152/jappl.1993.75.2.745,Journal of Applied Physiology
10.1152/jappl.1993.74.5.2523,Journal of Applied Physiology
10.1152/jappl.1993.75.1.108,Journal of Applied Physiology
10.1152/jappl.1993.75.2.870,Journal of Applied Physiology
10.1152/jappl.1993.75.2.805,Journal of Applied Physiology
10.1152/jappl.1993.74.6.2998,Journal of Applied Physiology
10.1152/jappl.1993.74.4.1921,Journal of Applied Physiology
10.1152/jappl.1993.75.2.663,Journal of Applied Physiology
10.1152/jappl.1993.75.2.688,Journal of Applied Physiology
10.1152/jappl.1993.74.5.2140,Journal of Applied Physiology
10.1152/jappl.1993.74.6.2875,Journal of Applied Physiology
10.1152/jappl.1993.74.5.2146,Journal of Applied Physiology
10.1152/jappl.1993.75.1.49,Journal of Applied Physiology
10.1152/jappl.1993.74.4.1729,Journal of Applied Physiology
10.1152/ajprenal.1993.264.5.f816,American Journal of Physiology-Renal Physiology
10.1152/jappl.1993.75.2.657,Journal of Applied Physiology
10.1152/ajpendo.1993.265.2.e275,American Journal of Physiology-Endocrinology and Metabolism
10.1152/jappl.1993.74.5.2469,Journal of Applied Physiology
10.1152/jappl.1992.73.6.2588,Journal of Applied Physiology
10.1152/jappl.1992.73.6.2574,Journal of Applied Physiology
10.1152/ajpendo.1992.263.6.e1134,American Journal of Physiology-Endocrinology and Metabolism
10.1152/ajpheart.1992.263.6.h1932,American Journal of Physiology-Heart and Circulatory Physiology
10.1152/jappl.1992.73.6.2403,Journal of Applied Physiology
10.1152/jappl.1992.73.6.2382,Journal of Applied Physiology
10.1152/jappl.1992.73.3.1130,Journal of Applied Physiology
10.1152/ajpregu.1992.262.5.r779,"American Journal of Physiology-Regulatory, Integrative and Comparative Physiology"
10.1152/jappl.1992.72.6.2458,Journal of Applied Physiology
10.1152/ajpendo.1992.263.1.e64,American Journal of Physiology-Endocrinology and Metabolism
10.1152/jappl.1992.73.3.1114,Journal of Applied Physiology
10.1152/jappl.1992.73.4.1340,Journal of Applied Physiology
10.1152/ajpendo.1992.262.6.e891,American Journal of Physiology-Endocrinology and Metabolism
10.1152/jappl.1992.73.4.1494,Journal of Applied Physiology
10.1152/jappl.1992.73.2.452,Journal of Applied Physiology
10.1152/jappl.1992.73.4.1396,Journal of Applied Physiology
10.1152/jappl.1992.72.6.2188,Journal of Applied Physiology
10.1152/jappl.1992.72.6.2197,Journal of Applied Physiology
10.1152/jappl.1992.73.1.260,Journal of Applied Physiology
10.1152/jappl.1992.73.3.903,Journal of Applied Physiology
10.1152/jappl.1992.73.1.368,Journal of Applied Physiology
10.1152/jappl.1992.73.4.1287,Journal of Applied Physiology
10.1152/jappl.1992.72.2.805,Journal of Applied Physiology
10.1152/ajpcell.1992.262.3.c766,American Journal of Physiology-Cell Physiology
10.1152/jappl.1992.72.3.914,Journal of Applied Physiology
10.1152/jappl.1992.72.4.1589,Journal of Applied Physiology
10.1152/jappl.1992.72.4.1571,Journal of Applied Physiology
10.1152/ajpcell.1992.262.4.c975,American Journal of Physiology-Cell Physiology
10.1152/jappl.1992.72.2.796,Journal of Applied Physiology
10.1152/jappl.1992.72.1.278,Journal of Applied Physiology
10.1152/jappl.1992.72.4.1311,Journal of Applied Physiology
10.1152/jappl.1992.72.2.543,Journal of Applied Physiology
10.1152/jappl.1992.72.2.562,Journal of Applied Physiology
10.1152/jappl.1992.73.5.1873,Journal of Applied Physiology
10.1152/jappl.1992.73.5.1838,Journal of Applied Physiology
10.1152/jappl.1991.71.6.2332,Journal of Applied Physiology
10.1152/jappl.1991.71.6.2099,Journal of Applied Physiology
10.1152/jappl.1991.71.6.2518,Journal of Applied Physiology
10.1152/jappl.1991.71.4.1427,Journal of Applied Physiology
10.1152/jappl.1991.71.4.1289,Journal of Applied Physiology
10.1152/jappl.1991.70.1.357,Journal of Applied Physiology
10.1152/jappl.1991.70.3.1031,Journal of Applied Physiology
10.1152/jappl.1991.70.2.882,Journal of Applied Physiology
10.1152/jappl.1991.70.1.210,Journal of Applied Physiology
10.1152/jappl.1991.70.2.683,Journal of Applied Physiology
10.1152/jappl.1991.71.4.1237,Journal of Applied Physiology
10.1152/jappl.1991.70.1.371,Journal of Applied Physiology
10.1152/jappl.1991.71.4.1454,Journal of Applied Physiology
10.1152/jappl.1991.70.3.1016,Journal of Applied Physiology
10.1152/jappl.1991.71.2.596,Journal of Applied Physiology
10.1152/jappl.1991.71.5.2004,Journal of Applied Physiology
10.1152/jappl.1991.71.5.1801,Journal of Applied Physiology
10.1152/jappl.1991.71.5.1897,Journal of Applied Physiology
10.1152/jappl.1991.71.3.1070,Journal of Applied Physiology
10.1152/jappl.1991.70.4.1500,Journal of Applied Physiology
10.1152/jappl.1991.70.4.1713,Journal of Applied Physiology
10.1152/jappl.1991.71.3.1119,Journal of Applied Physiology
10.1152/ajpgi.1991.260.5.g698,American Journal of Physiology-Gastrointestinal and Liver Physiology
10.1152/jappl.1991.70.4.1463,Journal of Applied Physiology
10.1152/ajpendo.1991.260.3.e411,American Journal of Physiology-Endocrinology and Metabolism
10.1152/jappl.1991.71.3.871,Journal of Applied Physiology
10.1152/jappl.1990.69.5.1651,Journal of Applied Physiology
10.1152/jappl.1990.69.5.1792,Journal of Applied Physiology
10.1152/jappl.1990.69.5.1849,Journal of Applied Physiology
10.1152/ajpendo.1990.258.5.e775,American Journal of Physiology-Endocrinology and Metabolism
10.1152/jappl.1990.68.5.2067,Journal of Applied Physiology
10.1152/jappl.1990.68.4.1393,Journal of Applied Physiology
10.1152/jappl.1990.68.2.796,Journal of Applied Physiology
10.1152/jappl.1990.69.4.1451,Journal of Applied Physiology
10.1152/jappl.1989.67.6.2535,Journal of Applied Physiology
10.1152/jappl.1988.64.5.1936,Journal of Applied Physiology
10.1152/jappl.1988.64.6.2265,Journal of Applied Physiology
10.1152/jappl.1988.65.2.657,Journal of Applied Physiology
10.1152/jappl.1988.64.1.451,Journal of Applied Physiology
10.1152/jappl.1987.63.2.669,Journal of Applied Physiology
10.1152/jappl.1987.63.3.978,Journal of Applied Physiology
10.1152/jappl.1987.63.4.1519,Journal of Applied Physiology
10.1152/jappl.1987.63.5.1956,Journal of Applied Physiology
10.1152/jappl.1987.63.4.1578,Journal of Applied Physiology
10.1152/jappl.1987.62.3.1227,Journal of Applied Physiology
10.1152/jappl.1987.62.3.912,Journal of Applied Physiology
10.1152/jappl.1987.62.1.194,Journal of Applied Physiology
10.1152/jappl.1987.62.3.983,Journal of Applied Physiology
10.1152/jappl.1987.62.2.539,Journal of Applied Physiology
10.1152/jappl.1987.62.3.1084,Journal of Applied Physiology
10.1152/jappl.1987.62.2.485,Journal of Applied Physiology
10.1152/jappl.1987.62.1.199,Journal of Applied Physiology
10.1152/jappl.1987.62.2.545,Journal of Applied Physiology
10.1152/jappl.1987.62.4.1551,Journal of Applied Physiology
10.1152/jappl.1987.62.1.134,Journal of Applied Physiology
10.1152/jappl.1987.62.3.1014,Journal of Applied Physiology
10.1152/jappl.1986.61.5.1796,Journal of Applied Physiology
10.1152/jappl.1986.61.4.1358,Journal of Applied Physiology
10.1152/jappl.1986.61.5.1942,Journal of Applied Physiology
10.1152/jappl.1986.61.6.2102,Journal of Applied Physiology
10.1152/jappl.1986.61.6.2168,Journal of Applied Physiology
10.1152/jappl.1986.61.3.1180,Journal of Applied Physiology
10.1152/jappl.1986.61.2.523,Journal of Applied Physiology
10.1152/jappl.1986.61.1.165,Journal of Applied Physiology
10.1152/jappl.1986.61.3.926,Journal of Applied Physiology
10.1152/jappl.1986.61.3.960,Journal of Applied Physiology
10.1152/jappl.1986.61.1.155,Journal of Applied Physiology
10.1152/jappl.1986.60.6.1878,Journal of Applied Physiology
10.1152/jappl.1986.61.3.1051,Journal of Applied Physiology
10.1152/jappl.1985.59.5.1472,Journal of Applied Physiology
10.1152/jappl.1985.59.5.1647,Journal of Applied Physiology
10.1152/jappl.1985.59.5.1601,Journal of Applied Physiology
10.1152/jappl.1985.59.5.1446,Journal of Applied Physiology
10.1152/jappl.1985.59.3.898,Journal of Applied Physiology
10.1152/jappl.1985.59.6.1911,Journal of Applied Physiology
10.1152/jappl.1985.59.3.947,Journal of Applied Physiology
10.1152/jappl.1985.59.4.1033,Journal of Applied Physiology
10.1152/jappl.1985.59.4.1061,Journal of Applied Physiology
10.1152/jappl.1985.59.3.935,Journal of Applied Physiology
10.1152/jappl.1985.59.2.320,Journal of Applied Physiology
10.1152/jappl.1985.59.2.426,Journal of Applied Physiology
10.1152/jappl.1985.59.1.237,Journal of Applied Physiology
10.1152/jappl.1985.58.4.1115,Journal of Applied Physiology
10.1152/jappl.1985.58.3.928,Journal of Applied Physiology
10.1152/jappl.1985.58.2.492,Journal of Applied Physiology
10.1152/jappl.1985.58.5.1736,Journal of Applied Physiology
10.1152/jappl.1985.58.5.1719,Journal of Applied Physiology
10.1152/jappl.1985.58.4.1372,Journal of Applied Physiology
10.1152/jappl.1985.58.2.400,Journal of Applied Physiology
10.1152/jappl.1985.58.3.702,Journal of Applied Physiology
10.1152/jappl.1985.58.6.2041,Journal of Applied Physiology
10.1152/jappl.1985.58.4.1281,Journal of Applied Physiology
10.1152/jappl.1985.58.3.989,Journal of Applied Physiology
10.1152/jappl.1985.58.5.1622,Journal of Applied Physiology
10.1152/jappl.1985.58.2.431,Journal of Applied Physiology
10.1152/jappl.1984.57.6.1749,Journal of Applied Physiology
10.1152/jappl.1984.57.6.1731,Journal of Applied Physiology
10.1152/jappl.1984.57.5.1545,Journal of Applied Physiology
10.1152/ajpendo.1984.247.3.e305,American Journal of Physiology-Endocrinology and Metabolism
10.1152/ajpendo.1984.246.5.e412,American Journal of Physiology-Endocrinology and Metabolism
10.1152/jappl.1984.56.1.91,Journal of Applied Physiology
10.1152/jappl.1984.56.2.436,Journal of Applied Physiology
10.1152/jappl.1984.56.2.302,Journal of Applied Physiology
10.1152/jappl.1984.56.1.18,Journal of Applied Physiology
10.1152/jappl.1984.56.4.1020,Journal of Applied Physiology
10.1152/ajpregu.1984.246.1.r72,"American Journal of Physiology-Regulatory, Integrative and Comparative Physiology"
10.1152/jappl.1984.57.2.507,Journal of Applied Physiology
10.1152/jappl.1984.57.2.366,Journal of Applied Physiology
10.1152/jappl.1984.57.1.135,Journal of Applied Physiology
10.1152/jappl.1984.57.3.674,Journal of Applied Physiology
10.1152/jappl.1983.55.5.1441,Journal of Applied Physiology
10.1152/jappl.1983.55.5.1506,Journal of Applied Physiology
10.1152/jappl.1983.55.5.1558,Journal of Applied Physiology
10.1152/jappl.1983.54.2.387,Journal of Applied Physiology
10.1152/jappl.1983.54.2.491,Journal of Applied Physiology
10.1152/jappl.1983.54.2.587,Journal of Applied Physiology
10.1152/jappl.1983.54.3.757,Journal of Applied Physiology
10.1152/jappl.1983.55.3.805,Journal of Applied Physiology
10.1152/jappl.1983.54.4.1032,Journal of Applied Physiology
10.1152/jappl.1983.54.1.59,Journal of Applied Physiology
10.1152/jappl.1983.55.1.212,Journal of Applied Physiology
10.1152/jappl.1983.55.1.69,Journal of Applied Physiology
10.1152/jappl.1983.55.3.742,Journal of Applied Physiology
10.1152/jappl.1983.55.1.218,Journal of Applied Physiology
10.1152/jappl.1982.52.5.1181,Journal of Applied Physiology
10.1152/ajpendo.1981.240.5.e458,American Journal of Physiology-Endocrinology and Metabolism
10.1152/ajpgi.1980.239.3.g136,American Journal of Physiology-Gastrointestinal and Liver Physiology
10.1152/ajpendo.1979.236.6.e660,American Journal of Physiology-Endocrinology and Metabolism
10.1152/ajpregu.1979.236.3.r206,"American Journal of Physiology-Regulatory, Integrative and Comparative Physiology"
10.1152/jappl.1978.44.4.559,Journal of Applied Physiology
10.1152/jappl.1978.44.1.90,Journal of Applied Physiology
10.1152/jappl.1977.43.6.1026,Journal of Applied Physiology
10.1152/jappl.1977.42.5.782,Journal of Applied Physiology
10.1152/jappl.1977.42.4.531,Journal of Applied Physiology
10.1152/jappl.1976.40.4.584,Journal of Applied Physiology
10.1152/jappl.1976.40.6.982,Journal of Applied Physiology
10.1152/jappl.1976.41.4.523,Journal of Applied Physiology
10.1152/jappl.1976.41.1.89,Journal of Applied Physiology
10.1152/jappl.1976.41.1.71,Journal of Applied Physiology
10.1152/jappl.1975.38.6.996,Journal of Applied Physiology
10.1152/jappl.1975.39.4.559,Journal of Applied Physiology
10.1152/jappl.1974.37.1.55,Journal of Applied Physiology
10.1152/jappl.1973.34.5.559,Journal of Applied Physiology
10.1152/jappl.1973.34.4.438,Journal of Applied Physiology
10.1152/jappl.1972.33.5.696,Journal of Applied Physiology
10.1152/jappl.1972.33.5.674,Journal of Applied Physiology
10.1152/jappl.1972.33.4.510,Journal of Applied Physiology
10.1152/jappl.1972.33.4.502,Journal of Applied Physiology
10.1152/jappl.1972.32.2.245,Journal of Applied Physiology
10.1152/jappl.1972.32.2.-b185,Journal of Applied Physiology
10.1152/jappl.1971.31.6.853,Journal of Applied Physiology
10.1152/jappl.1971.31.3.353,Journal of Applied Physiology
10.1152/jappl.1971.30.6.854,Journal of Applied Physiology
10.1152/jappl.1971.30.5.653,Journal of Applied Physiology
10.1152/jappl.1971.30.5.733,Journal of Applied Physiology
10.1152/jappl.1971.30.4.457,Journal of Applied Physiology
10.1152/jappl.1970.29.2.186,Journal of Applied Physiology
10.1152/jappl.1970.29.1.82,Journal of Applied Physiology
10.1152/jappl.1969.27.6.840,Journal of Applied Physiology
10.1152/jappl.1969.27.2.174,Journal of Applied Physiology
10.1152/jappl.1969.26.6.764,Journal of Applied Physiology
10.1152/jappl.1969.26.1.31,Journal of Applied Physiology
10.1152/jappl.1968.25.3.283,Journal of Applied Physiology
10.1152/jappl.1968.24.2.190,Journal of Applied Physiology
10.1152/jappl.1967.23.3.347,Journal of Applied Physiology
10.1152/jappl.1967.23.2.259,Journal of Applied Physiology
10.1152/jappl.1967.22.5.929,Journal of Applied Physiology
10.1152/jappl.1967.22.4.628,Journal of Applied Physiology
10.1152/jappl.1967.22.3.539,Journal of Applied Physiology
10.1152/jappl.1966.21.6.1763,Journal of Applied Physiology
10.1152/jappl.1966.21.3.959,Journal of Applied Physiology
10.1152/jappl.1964.19.1.150,Journal of Applied Physiology
10.1152/jappl.1957.10.3.401,Journal of Applied Physiology
10.1152/ajpheart.1992.263.6.h1811,American Journal of Physiology-Heart and Circulatory Physiology
10.1152/ajpheart.1997.272.3.h1382,American Journal of Physiology-Heart and Circulatory Physiology
10.1152/ajpcell.1993.265.5.c1340,American Journal of Physiology-Cell Physiology
10.1152/ajpheart.1993.264.5.h1629,American Journal of Physiology-Heart and Circulatory Physiology
10.1152/ajpheart.1995.269.4.h1177,American Journal of Physiology-Heart and Circulatory Physiology
10.1152/ajpregu.1995.269.5.r1258,"American Journal of Physiology-Regulatory, Integrative and Comparative Physiology"
10.1152/ajpheart.1998.275.4.h1274,American Journal of Physiology-Heart and Circulatory Physiology
10.1152/ajpheart.1991.260.5.h1489,American Journal of Physiology-Heart and Circulatory Physiology
10.1152/ajpregu.1997.272.6.r1874,"American Journal of Physiology-Regulatory, Integrative and Comparative Physiology"
10.1152/ajpendo.1999.277.2.e380,American Journal of Physiology-Endocrinology and Metabolism
10.1152/ajpheart.1996.270.3.h1063,American Journal of Physiology-Heart and Circulatory Physiology
10.1152/ajpregu.1990.259.5.r1075,"American Journal of Physiology-Regulatory, Integrative and Comparative Physiology"
10.1152/ajpheart.1997.272.2.h1053,American Journal of Physiology-Heart and Circulatory Physiology
10.1152/ajpheart.1999.276.4.h1339,American Journal of Physiology-Heart and Circulatory Physiology
10.1152/ajpheart.1997.272.5.h2085,American Journal of Physiology-Heart and Circulatory Physiology
10.1152/ajpheart.1993.265.6.h2081,American Journal of Physiology-Heart and Circulatory Physiology
10.1152/ajpheart.1997.273.5.h2135,American Journal of Physiology-Heart and Circulatory Physiology
10.1152/ajpheart.1994.266.3.h1047,American Journal of Physiology-Heart and Circulatory Physiology
10.1152/japplphysiol.00042.2006,Journal of Applied Physiology
10.1152/jappl.1992.73.1.234,Journal of Applied Physiology
10.1152/ajpheart.2001.280.3.h1301,American Journal of Physiology-Heart and Circulatory Physiology
10.1152/jappl.1991.71.3.1050,Journal of Applied Physiology
10.1152/jappl.1975.39.3.386,Journal of Applied Physiology
10.1152/jappl.1998.84.1.69,Journal of Applied Physiology
10.1152/jappl.1991.70.4.1569,Journal of Applied Physiology
10.1152/jappl.1991.71.3.1041,Journal of Applied Physiology
10.1152/jappl.1999.86.4.1170,Journal of Applied Physiology
10.1152/japplphysiol.00742.2003,Journal of Applied Physiology
10.1152/japplphysiol.00581.2006,Journal of Applied Physiology
10.1152/jappl.2000.89.4.1462,Journal of Applied Physiology
10.1152/ajpheart.2000.278.1.h74,American Journal of Physiology-Heart and Circulatory Physiology
10.1152/ajpendo.2000.279.5.e1020,American Journal of Physiology-Endocrinology and Metabolism
10.1152/ajpcell.1994.267.1.c255,American Journal of Physiology-Cell Physiology
10.1152/jappl.1998.85.5.1629,Journal of Applied Physiology
10.1152/ajpendo.1993.264.2.e156,American Journal of Physiology-Endocrinology and Metabolism
10.1152/jappl.1991.70.3.1137,Journal of Applied Physiology
10.1152/jappl.2001.90.4.1307,Journal of Applied Physiology
10.1152/ajpheart.1997.272.2.h753,American Journal of Physiology-Heart and Circulatory Physiology
10.1152/ajpheart.00952.2002,American Journal of Physiology-Heart and Circulatory Physiology
10.1152/japplphysiol.00871.2006,Journal of Applied Physiology
10.1152/jappl.1993.75.2.730,Journal of Applied Physiology
10.1152/jappl.1998.84.5.1723,Journal of Applied Physiology
10.1152/japplphysiol.00483.2006,Journal of Applied Physiology
10.1152/jappl.2000.88.5.1765,Journal of Applied Physiology
10.1152/ajpheart.1996.271.3.h977,American Journal of Physiology-Heart and Circulatory Physiology
10.1152/ajpendo.1993.265.6.e852,American Journal of Physiology-Endocrinology and Metabolism
10.1152/ajpendo.2001.281.3.e537,American Journal of Physiology-Endocrinology and Metabolism
10.1152/ajpregu.1991.260.3.r518,"American Journal of Physiology-Regulatory, Integrative and Comparative Physiology"
10.1152/ajpregu.90925.2008,"American Journal of Physiology-Regulatory, Integrative and Comparative Physiology"
10.1152/ajpendo.1994.266.6.e877,American Journal of Physiology-Endocrinology and Metabolism
10.1152/jappl.1992.73.4.1232,Journal of Applied Physiology
10.1152/jappl.1994.77.5.2214,Journal of Applied Physiology
10.1152/japplphysiol.00585.2014,Journal of Applied Physiology
10.1152/japplphysiol.00090.2011,Journal of Applied Physiology
10.1152/ajpregu.1993.265.2.r439,"American Journal of Physiology-Regulatory, Integrative and Comparative Physiology"
10.1152/jappl.1990.69.6.2097,Journal of Applied Physiology
10.1152/ajpheart.00529.2001,American Journal of Physiology-Heart and Circulatory Physiology
10.1152/ajpendo.1993.265.2.e298,American Journal of Physiology-Endocrinology and Metabolism
10.1152/jappl.1992.72.1.149,Journal of Applied Physiology
10.1152/ajpcell.1994.266.6.c1722,American Journal of Physiology-Cell Physiology
10.1152/ajpregu.1997.272.2.r570,"American Journal of Physiology-Regulatory, Integrative and Comparative Physiology"
10.1152/ajpheart.1996.271.1.h357,American Journal of Physiology-Heart and Circulatory Physiology
10.1152/ajpheart.01102.2006,American Journal of Physiology-Heart and Circulatory Physiology
10.1152/jappl.1992.72.2.515,Journal of Applied Physiology
10.1152/jappl.1998.85.4.1442,Journal of Applied Physiology
10.1152/ajpheart.00983.2004,American Journal of Physiology-Heart and Circulatory Physiology
10.1152/ajpcell.1997.272.2.c501,American Journal of Physiology-Cell Physiology
10.1152/jappl.1993.74.1.312,Journal of Applied Physiology
10.1152/jappl.2000.89.5.1845,Journal of Applied Physiology
10.1152/japplphysiol.00630.1999,Journal of Applied Physiology
10.1152/ajpcell.00481.2009,American Journal of Physiology-Cell Physiology
10.1152/jappl.1991.71.4.1523,Journal of Applied Physiology
10.1152/ajpregu.1994.266.2.r375,"American Journal of Physiology-Regulatory, Integrative and Comparative Physiology"
10.1152/jappl.2001.91.5.2064,Journal of Applied Physiology
10.1152/jappl.2000.88.4.1192,Journal of Applied Physiology
10.1152/japplphysiol.01002.2020,Journal of Applied Physiology
10.1152/japplphysiol.00606.2004,Journal of Applied Physiology
10.1152/jappl.1992.72.3.905,Journal of Applied Physiology
10.1152/ajpregu.1997.273.1.r337,"American Journal of Physiology-Regulatory, Integrative and Comparative Physiology"
10.1152/ajpcell.1994.267.4.c969,American Journal of Physiology-Cell Physiology
10.1152/japplphysiol.01059.2020,Journal of Applied Physiology
10.1152/japplphysiol.01088.2010,Journal of Applied Physiology
10.1152/japplphysiol.00094.2016,Journal of Applied Physiology
10.1152/ajplung.00057.2013,American Journal of Physiology-Lung Cellular and Molecular Physiology
10.1152/ajpheart.1993.265.2.h494,American Journal of Physiology-Heart and Circulatory Physiology
10.1152/japplphysiol.00892.2020,Journal of Applied Physiology
10.1152/jappl.1993.75.2.505,Journal of Applied Physiology
10.1152/jappl.1995.78.2.483,Journal of Applied Physiology
10.1152/japplphysiol.00848.2001,Journal of Applied Physiology
10.1152/ajpheart.00880.2004,American Journal of Physiology-Heart and Circulatory Physiology
10.1152/ajpheart.2000.279.4.h1982,American Journal of Physiology-Heart and Circulatory Physiology
10.1152/physiolgenomics.00014.2021,Physiological Genomics
10.1152/ajpgi.1995.268.6.g949,American Journal of Physiology-Gastrointestinal and Liver Physiology
10.1152/jn.00868.2007,Journal of Neurophysiology
10.1152/ajpregu.00466.2014,"American Journal of Physiology-Regulatory, Integrative and Comparative Physiology"
10.1152/ajpheart.1991.261.2.h280,American Journal of Physiology-Heart and Circulatory Physiology
10.1152/japplphysiol.01285.2004,Journal of Applied Physiology
10.1152/japplphysiol.00896.2004,Journal of Applied Physiology
10.1152/ajpheart.1995.269.1.h271,American Journal of Physiology-Heart and Circulatory Physiology
10.1152/ajpheart.2000.278.5.h1545,American Journal of Physiology-Heart and Circulatory Physiology
10.1152/ajpheart.2000.278.5.h1464,American Journal of Physiology-Heart and Circulatory Physiology
10.1152/japplphysiol.01220.2003,Journal of Applied Physiology
10.1152/ajpregu.00771.2006,"American Journal of Physiology-Regulatory, Integrative and Comparative Physiology"
10.1152/japplphysiol.00829.2016,Journal of Applied Physiology
10.1152/japplphysiol.01150.2007,Journal of Applied Physiology
10.1152/japplphysiol.00729.2003,Journal of Applied Physiology
10.1152/ajpheart.00519.2008,American Journal of Physiology-Heart and Circulatory Physiology
10.1152/japplphysiol.01088.2002,Journal of Applied Physiology
10.1152/ajpregu.00731.2007,"American Journal of Physiology-Regulatory, Integrative and Comparative Physiology"
10.1152/ajpregu.1994.267.4.r1098,"American Journal of Physiology-Regulatory, Integrative and Comparative Physiology"
10.1152/jappl.2001.91.2.891,Journal of Applied Physiology
10.1152/jappl.1993.75.4.1608,Journal of Applied Physiology
10.1152/jappl.1997.82.6.1911,Journal of Applied Physiology
10.1152/ajpregu.1992.262.5.r852,"American Journal of Physiology-Regulatory, Integrative and Comparative Physiology"
10.1152/ajpheart.1996.271.4.h1384,American Journal of Physiology-Heart and Circulatory Physiology
10.1152/ajpheart.1997.273.2.h1032,American Journal of Physiology-Heart and Circulatory Physiology
10.1152/ajpregu.2001.280.1.r42,"American Journal of Physiology-Regulatory, Integrative and Comparative Physiology"
10.1152/jappl.2001.90.5.1707,Journal of Applied Physiology
10.1152/japplphysiol.01066.2020,Journal of Applied Physiology
10.1152/japplphysiol.00671.2010,Journal of Applied Physiology
10.1152/jappl.1996.81.5.2244,Journal of Applied Physiology
10.1152/ajpregu.00752.2005,"American Journal of Physiology-Regulatory, Integrative and Comparative Physiology"
10.1152/ajpregu.1993.264.4.r797,"American Journal of Physiology-Regulatory, Integrative and Comparative Physiology"
10.1152/jappl.1994.77.4.1941,Journal of Applied Physiology
10.1152/jappl.1993.74.4.1697,Journal of Applied Physiology
10.1152/jappl.1994.77.3.1431,Journal of Applied Physiology
10.1152/jappl.1999.87.6.2326,Journal of Applied Physiology
10.1152/ajpheart.2001.281.2.h738,American Journal of Physiology-Heart and Circulatory Physiology
10.1152/jappl.1997.83.4.1405,Journal of Applied Physiology
10.1152/jappl.1995.79.3.951,Journal of Applied Physiology
10.1152/japplphysiol.00259.2002,Journal of Applied Physiology
10.1152/ajpheart.00504.2001,American Journal of Physiology-Heart and Circulatory Physiology
10.1152/ajpheart.00851.2003,American Journal of Physiology-Heart and Circulatory Physiology
10.1152/ajpregu.1992.262.5.r771,"American Journal of Physiology-Regulatory, Integrative and Comparative Physiology"
10.1152/ajpheart.01371.2006,American Journal of Physiology-Heart and Circulatory Physiology
10.1152/ajpregu.1990.259.5.r986,"American Journal of Physiology-Regulatory, Integrative and Comparative Physiology"
10.1152/ajpheart.1993.265.3.h934,American Journal of Physiology-Heart and Circulatory Physiology
10.1152/jappl.1991.70.3.1097,Journal of Applied Physiology
10.1152/japplphysiol.00686.2001,Journal of Applied Physiology
10.1152/jappl.1995.78.4.1564,Journal of Applied Physiology
10.1152/jappl.1995.79.6.2078,Journal of Applied Physiology
10.1152/ajpheart.00094.2006,American Journal of Physiology-Heart and Circulatory Physiology
10.1152/japplphysiol.00991.2004,Journal of Applied Physiology
10.1152/japplphysiol.00469.2002,Journal of Applied Physiology
10.1152/jappl.1994.76.4.1533,Journal of Applied Physiology
10.1152/japplphysiol.91115.2008,Journal of Applied Physiology
10.1152/jappl.1991.71.1.197,Journal of Applied Physiology
10.1152/ajpregu.00621.2004,"American Journal of Physiology-Regulatory, Integrative and Comparative Physiology"
10.1152/jappl.1998.84.6.2052,Journal of Applied Physiology
10.1152/japplphysiol.00279.2002,Journal of Applied Physiology
10.1152/ajpheart.2001.280.2.h868,American Journal of Physiology-Heart and Circulatory Physiology
10.1152/jappl.2001.91.4.1782,Journal of Applied Physiology
10.1152/jappl.1992.72.6.2203,Journal of Applied Physiology
10.1152/ajpheart.2001.281.2.h823,American Journal of Physiology-Heart and Circulatory Physiology
10.1152/japplphysiol.00556.2002,Journal of Applied Physiology
10.1152/ajpheart.00170.2005,American Journal of Physiology-Heart and Circulatory Physiology
10.1152/ajpheart.2000.279.5.h2319,American Journal of Physiology-Heart and Circulatory Physiology
10.1152/japplphysiol.01122.2003,Journal of Applied Physiology
10.1152/jappl.1993.75.2.863,Journal of Applied Physiology
10.1152/jappl.2000.89.2.687,Journal of Applied Physiology
10.1152/jappl.1997.83.1.160,Journal of Applied Physiology
10.1152/ajpheart.1997.273.2.h583,American Journal of Physiology-Heart and Circulatory Physiology
10.1152/jappl.1991.71.3.1005,Journal of Applied Physiology
10.1152/jappl.1992.72.3.1111,Journal of Applied Physiology
10.1152/jappl.1990.69.6.1987,Journal of Applied Physiology
10.1152/japplphysiol.00809.2001,Journal of Applied Physiology
10.1152/jappl.1991.71.5.1822,Journal of Applied Physiology
10.1152/jappl.1993.75.6.2718,Journal of Applied Physiology
10.1152/jappl.2001.90.3.933,Journal of Applied Physiology
10.1152/ajpendo.00039.2006,AJP: Endocrinology and Metabolism
10.1152/ajpregu.00593.2004,"American Journal of Physiology-Regulatory, Integrative and Comparative Physiology"
10.1152/ajpheart.1992.263.6.h1675,American Journal of Physiology-Heart and Circulatory Physiology
10.1152/ajprenal.1992.263.3.f482,American Journal of Physiology-Renal Physiology
10.1152/jappl.1995.79.3.902,Journal of Applied Physiology
10.1152/jappl.1998.85.3.807,Journal of Applied Physiology
10.1152/japplphysiol.000617.2001,Journal of Applied Physiology
10.1152/jappl.1993.74.4.1941,Journal of Applied Physiology
10.1152/ajpheart.1993.264.1.h183,American Journal of Physiology-Heart and Circulatory Physiology
10.1152/jappl.1995.79.3.706,Journal of Applied Physiology
10.1152/jappl.1996.81.4.1670,Journal of Applied Physiology
10.1152/ajpgi.2000.279.1.g118,American Journal of Physiology-Gastrointestinal and Liver Physiology
10.1152/jappl.1992.73.4.1282,Journal of Applied Physiology
10.1152/jappl.1991.71.4.1387,Journal of Applied Physiology
10.1152/jappl.1995.79.6.1883,Journal of Applied Physiology
10.1152/jappl.2000.89.5.1892,Journal of Applied Physiology
10.1152/ajpheart.00982.2002,American Journal of Physiology-Heart and Circulatory Physiology
10.1152/jappl.1995.79.4.1148,Journal of Applied Physiology
10.1152/jappl.1999.86.5.1519,Journal of Applied Physiology
10.1152/jappl.1991.71.4.1568,Journal of Applied Physiology
10.1152/ajpheart.00412.2005,AJP: Heart and Circulatory Physiology
10.1152/ajpheart.1991.261.2.h410,American Journal of Physiology-Heart and Circulatory Physiology
10.1152/ajpregu.00004.2022,"American Journal of Physiology-Regulatory, Integrative and Comparative Physiology"
