file_name,error_msg
data/cpet_articles/pdfs/springer_non_oa_pdfs/bf00167746.pdf,"b'Traceback (most recent call last):\n  File ""/Users/antonhesse/opt/anaconda3/bin/pdf2txt.py"", line 115, in <module>\n    if __name__ == \'__main__\': sys.exit(main(sys.argv))\n  File ""/Users/antonhesse/opt/anaconda3/bin/pdf2txt.py"", line 106, in main\n    for page in PDFPage.get_pages(fp, pagenos,\n  File ""/Users/antonhesse/opt/anaconda3/lib/python3.8/site-packages/pdfminer/pdfpage.py"", line 122, in get_pages\n    doc = PDFDocument(parser, password=password, caching=caching)\n  File ""/Users/antonhesse/opt/anaconda3/lib/python3.8/site-packages/pdfminer/pdfdocument.py"", line 583, in __init__\n    raise PDFSyntaxError(\'No /Root object! - Is this really a PDF?\')\npdfminer.pdfparser.PDFSyntaxError: No /Root object! - Is this really a PDF?\n'"
data/cpet_articles/pdfs/springer_non_oa_pdfs/s00424-001-0755-z.pdf,"b'Traceback (most recent call last):\n  File ""/Users/antonhesse/opt/anaconda3/bin/pdf2txt.py"", line 115, in <module>\n    if __name__ == \'__main__\': sys.exit(main(sys.argv))\n  File ""/Users/antonhesse/opt/anaconda3/bin/pdf2txt.py"", line 106, in main\n    for page in PDFPage.get_pages(fp, pagenos,\n  File ""/Users/antonhesse/opt/anaconda3/lib/python3.8/site-packages/pdfminer/pdfpage.py"", line 122, in get_pages\n    doc = PDFDocument(parser, password=password, caching=caching)\n  File ""/Users/antonhesse/opt/anaconda3/lib/python3.8/site-packages/pdfminer/pdfdocument.py"", line 583, in __init__\n    raise PDFSyntaxError(\'No /Root object! - Is this really a PDF?\')\npdfminer.pdfparser.PDFSyntaxError: No /Root object! - Is this really a PDF?\n'"
data/cpet_articles/pdfs/springer_non_oa_pdfs/bf01308428.pdf,"b'Traceback (most recent call last):\n  File ""/Users/antonhesse/opt/anaconda3/bin/pdf2txt.py"", line 115, in <module>\n    if __name__ == \'__main__\': sys.exit(main(sys.argv))\n  File ""/Users/antonhesse/opt/anaconda3/bin/pdf2txt.py"", line 106, in main\n    for page in PDFPage.get_pages(fp, pagenos,\n  File ""/Users/antonhesse/opt/anaconda3/lib/python3.8/site-packages/pdfminer/pdfpage.py"", line 122, in get_pages\n    doc = PDFDocument(parser, password=password, caching=caching)\n  File ""/Users/antonhesse/opt/anaconda3/lib/python3.8/site-packages/pdfminer/pdfdocument.py"", line 583, in __init__\n    raise PDFSyntaxError(\'No /Root object! - Is this really a PDF?\')\npdfminer.pdfparser.PDFSyntaxError: No /Root object! - Is this really a PDF?\n'"
data/cpet_articles/pdfs/springer_non_oa_pdfs/bf03004174.pdf,"b'Traceback (most recent call last):\n  File ""/Users/antonhesse/opt/anaconda3/bin/pdf2txt.py"", line 115, in <module>\n    if __name__ == \'__main__\': sys.exit(main(sys.argv))\n  File ""/Users/antonhesse/opt/anaconda3/bin/pdf2txt.py"", line 106, in main\n    for page in PDFPage.get_pages(fp, pagenos,\n  File ""/Users/antonhesse/opt/anaconda3/lib/python3.8/site-packages/pdfminer/pdfpage.py"", line 122, in get_pages\n    doc = PDFDocument(parser, password=password, caching=caching)\n  File ""/Users/antonhesse/opt/anaconda3/lib/python3.8/site-packages/pdfminer/pdfdocument.py"", line 583, in __init__\n    raise PDFSyntaxError(\'No /Root object! - Is this really a PDF?\')\npdfminer.pdfparser.PDFSyntaxError: No /Root object! - Is this really a PDF?\n'"
data/cpet_articles/pdfs/springer_non_oa_pdfs/bf00430007.pdf,"b'Traceback (most recent call last):\n  File ""/Users/antonhesse/opt/anaconda3/bin/pdf2txt.py"", line 115, in <module>\n    if __name__ == \'__main__\': sys.exit(main(sys.argv))\n  File ""/Users/antonhesse/opt/anaconda3/bin/pdf2txt.py"", line 106, in main\n    for page in PDFPage.get_pages(fp, pagenos,\n  File ""/Users/antonhesse/opt/anaconda3/lib/python3.8/site-packages/pdfminer/pdfpage.py"", line 122, in get_pages\n    doc = PDFDocument(parser, password=password, caching=caching)\n  File ""/Users/antonhesse/opt/anaconda3/lib/python3.8/site-packages/pdfminer/pdfdocument.py"", line 583, in __init__\n    raise PDFSyntaxError(\'No /Root object! - Is this really a PDF?\')\npdfminer.pdfparser.PDFSyntaxError: No /Root object! - Is this really a PDF?\n'"
data/cpet_articles/pdfs/springer_non_oa_pdfs/bf00585245.pdf,"b'Traceback (most recent call last):\n  File ""/Users/antonhesse/opt/anaconda3/bin/pdf2txt.py"", line 115, in <module>\n    if __name__ == \'__main__\': sys.exit(main(sys.argv))\n  File ""/Users/antonhesse/opt/anaconda3/bin/pdf2txt.py"", line 106, in main\n    for page in PDFPage.get_pages(fp, pagenos,\n  File ""/Users/antonhesse/opt/anaconda3/lib/python3.8/site-packages/pdfminer/pdfpage.py"", line 122, in get_pages\n    doc = PDFDocument(parser, password=password, caching=caching)\n  File ""/Users/antonhesse/opt/anaconda3/lib/python3.8/site-packages/pdfminer/pdfdocument.py"", line 583, in __init__\n    raise PDFSyntaxError(\'No /Root object! - Is this really a PDF?\')\npdfminer.pdfparser.PDFSyntaxError: No /Root object! - Is this really a PDF?\n'"
data/cpet_articles/pdfs/springer_non_oa_pdfs/bf00864220.pdf,"b'Traceback (most recent call last):\n  File ""/Users/antonhesse/opt/anaconda3/bin/pdf2txt.py"", line 115, in <module>\n    if __name__ == \'__main__\': sys.exit(main(sys.argv))\n  File ""/Users/antonhesse/opt/anaconda3/bin/pdf2txt.py"", line 106, in main\n    for page in PDFPage.get_pages(fp, pagenos,\n  File ""/Users/antonhesse/opt/anaconda3/lib/python3.8/site-packages/pdfminer/pdfpage.py"", line 122, in get_pages\n    doc = PDFDocument(parser, password=password, caching=caching)\n  File ""/Users/antonhesse/opt/anaconda3/lib/python3.8/site-packages/pdfminer/pdfdocument.py"", line 583, in __init__\n    raise PDFSyntaxError(\'No /Root object! - Is this really a PDF?\')\npdfminer.pdfparser.PDFSyntaxError: No /Root object! - Is this really a PDF?\n'"
data/cpet_articles/pdfs/springer_non_oa_pdfs/bf02343807.pdf,"b'Traceback (most recent call last):\n  File ""/Users/antonhesse/opt/anaconda3/bin/pdf2txt.py"", line 115, in <module>\n    if __name__ == \'__main__\': sys.exit(main(sys.argv))\n  File ""/Users/antonhesse/opt/anaconda3/bin/pdf2txt.py"", line 106, in main\n    for page in PDFPage.get_pages(fp, pagenos,\n  File ""/Users/antonhesse/opt/anaconda3/lib/python3.8/site-packages/pdfminer/pdfpage.py"", line 122, in get_pages\n    doc = PDFDocument(parser, password=password, caching=caching)\n  File ""/Users/antonhesse/opt/anaconda3/lib/python3.8/site-packages/pdfminer/pdfdocument.py"", line 583, in __init__\n    raise PDFSyntaxError(\'No /Root object! - Is this really a PDF?\')\npdfminer.pdfparser.PDFSyntaxError: No /Root object! - Is this really a PDF?\n'"
data/cpet_articles/pdfs/springer_non_oa_pdfs/bf01956150.pdf,"b'Traceback (most recent call last):\n  File ""/Users/antonhesse/opt/anaconda3/bin/pdf2txt.py"", line 115, in <module>\n    if __name__ == \'__main__\': sys.exit(main(sys.argv))\n  File ""/Users/antonhesse/opt/anaconda3/bin/pdf2txt.py"", line 106, in main\n    for page in PDFPage.get_pages(fp, pagenos,\n  File ""/Users/antonhesse/opt/anaconda3/lib/python3.8/site-packages/pdfminer/pdfpage.py"", line 122, in get_pages\n    doc = PDFDocument(parser, password=password, caching=caching)\n  File ""/Users/antonhesse/opt/anaconda3/lib/python3.8/site-packages/pdfminer/pdfdocument.py"", line 583, in __init__\n    raise PDFSyntaxError(\'No /Root object! - Is this really a PDF?\')\npdfminer.pdfparser.PDFSyntaxError: No /Root object! - Is this really a PDF?\n'"
data/cpet_articles/pdfs/springer_non_oa_pdfs/bf00429742.pdf,"b'Traceback (most recent call last):\n  File ""/Users/antonhesse/opt/anaconda3/bin/pdf2txt.py"", line 115, in <module>\n    if __name__ == \'__main__\': sys.exit(main(sys.argv))\n  File ""/Users/antonhesse/opt/anaconda3/bin/pdf2txt.py"", line 106, in main\n    for page in PDFPage.get_pages(fp, pagenos,\n  File ""/Users/antonhesse/opt/anaconda3/lib/python3.8/site-packages/pdfminer/pdfpage.py"", line 122, in get_pages\n    doc = PDFDocument(parser, password=password, caching=caching)\n  File ""/Users/antonhesse/opt/anaconda3/lib/python3.8/site-packages/pdfminer/pdfdocument.py"", line 583, in __init__\n    raise PDFSyntaxError(\'No /Root object! - Is this really a PDF?\')\npdfminer.pdfparser.PDFSyntaxError: No /Root object! - Is this really a PDF?\n'"
data/cpet_articles/pdfs/springer_non_oa_pdfs/bf00429025.pdf,"b'Traceback (most recent call last):\n  File ""/Users/antonhesse/opt/anaconda3/bin/pdf2txt.py"", line 115, in <module>\n    if __name__ == \'__main__\': sys.exit(main(sys.argv))\n  File ""/Users/antonhesse/opt/anaconda3/bin/pdf2txt.py"", line 106, in main\n    for page in PDFPage.get_pages(fp, pagenos,\n  File ""/Users/antonhesse/opt/anaconda3/lib/python3.8/site-packages/pdfminer/pdfpage.py"", line 122, in get_pages\n    doc = PDFDocument(parser, password=password, caching=caching)\n  File ""/Users/antonhesse/opt/anaconda3/lib/python3.8/site-packages/pdfminer/pdfdocument.py"", line 583, in __init__\n    raise PDFSyntaxError(\'No /Root object! - Is this really a PDF?\')\npdfminer.pdfparser.PDFSyntaxError: No /Root object! - Is this really a PDF?\n'"
data/cpet_articles/pdfs/springer_non_oa_pdfs/s00421-007-0649-7.pdf,"b'Traceback (most recent call last):\n  File ""/Users/antonhesse/opt/anaconda3/bin/pdf2txt.py"", line 115, in <module>\n    if __name__ == \'__main__\': sys.exit(main(sys.argv))\n  File ""/Users/antonhesse/opt/anaconda3/bin/pdf2txt.py"", line 106, in main\n    for page in PDFPage.get_pages(fp, pagenos,\n  File ""/Users/antonhesse/opt/anaconda3/lib/python3.8/site-packages/pdfminer/pdfpage.py"", line 122, in get_pages\n    doc = PDFDocument(parser, password=password, caching=caching)\n  File ""/Users/antonhesse/opt/anaconda3/lib/python3.8/site-packages/pdfminer/pdfdocument.py"", line 583, in __init__\n    raise PDFSyntaxError(\'No /Root object! - Is this really a PDF?\')\npdfminer.pdfparser.PDFSyntaxError: No /Root object! - Is this really a PDF?\n'"
data/cpet_articles/pdfs/springer_non_oa_pdfs/00003495-198500293-00004.pdf,"b'Traceback (most recent call last):\n  File ""/Users/antonhesse/opt/anaconda3/bin/pdf2txt.py"", line 115, in <module>\n    if __name__ == \'__main__\': sys.exit(main(sys.argv))\n  File ""/Users/antonhesse/opt/anaconda3/bin/pdf2txt.py"", line 106, in main\n    for page in PDFPage.get_pages(fp, pagenos,\n  File ""/Users/antonhesse/opt/anaconda3/lib/python3.8/site-packages/pdfminer/pdfpage.py"", line 122, in get_pages\n    doc = PDFDocument(parser, password=password, caching=caching)\n  File ""/Users/antonhesse/opt/anaconda3/lib/python3.8/site-packages/pdfminer/pdfdocument.py"", line 583, in __init__\n    raise PDFSyntaxError(\'No /Root object! - Is this really a PDF?\')\npdfminer.pdfparser.PDFSyntaxError: No /Root object! - Is this really a PDF?\n'"
data/cpet_articles/pdfs/springer_non_oa_pdfs/s00421-009-1233-0.pdf,"b'Traceback (most recent call last):\n  File ""/Users/antonhesse/opt/anaconda3/bin/pdf2txt.py"", line 115, in <module>\n    if __name__ == \'__main__\': sys.exit(main(sys.argv))\n  File ""/Users/antonhesse/opt/anaconda3/bin/pdf2txt.py"", line 106, in main\n    for page in PDFPage.get_pages(fp, pagenos,\n  File ""/Users/antonhesse/opt/anaconda3/lib/python3.8/site-packages/pdfminer/pdfpage.py"", line 122, in get_pages\n    doc = PDFDocument(parser, password=password, caching=caching)\n  File ""/Users/antonhesse/opt/anaconda3/lib/python3.8/site-packages/pdfminer/pdfdocument.py"", line 583, in __init__\n    raise PDFSyntaxError(\'No /Root object! - Is this really a PDF?\')\npdfminer.pdfparser.PDFSyntaxError: No /Root object! - Is this really a PDF?\n'"
data/cpet_articles/pdfs/springer_non_oa_pdfs/s00421-011-2171-1.pdf,"b'Traceback (most recent call last):\n  File ""/Users/antonhesse/opt/anaconda3/bin/pdf2txt.py"", line 115, in <module>\n    if __name__ == \'__main__\': sys.exit(main(sys.argv))\n  File ""/Users/antonhesse/opt/anaconda3/bin/pdf2txt.py"", line 106, in main\n    for page in PDFPage.get_pages(fp, pagenos,\n  File ""/Users/antonhesse/opt/anaconda3/lib/python3.8/site-packages/pdfminer/pdfpage.py"", line 122, in get_pages\n    doc = PDFDocument(parser, password=password, caching=caching)\n  File ""/Users/antonhesse/opt/anaconda3/lib/python3.8/site-packages/pdfminer/pdfdocument.py"", line 583, in __init__\n    raise PDFSyntaxError(\'No /Root object! - Is this really a PDF?\')\npdfminer.pdfparser.PDFSyntaxError: No /Root object! - Is this really a PDF?\n'"
data/cpet_articles/pdfs/springer_non_oa_pdfs/bf02388626.pdf,"b'Traceback (most recent call last):\n  File ""/Users/antonhesse/opt/anaconda3/bin/pdf2txt.py"", line 115, in <module>\n    if __name__ == \'__main__\': sys.exit(main(sys.argv))\n  File ""/Users/antonhesse/opt/anaconda3/bin/pdf2txt.py"", line 106, in main\n    for page in PDFPage.get_pages(fp, pagenos,\n  File ""/Users/antonhesse/opt/anaconda3/lib/python3.8/site-packages/pdfminer/pdfpage.py"", line 122, in get_pages\n    doc = PDFDocument(parser, password=password, caching=caching)\n  File ""/Users/antonhesse/opt/anaconda3/lib/python3.8/site-packages/pdfminer/pdfdocument.py"", line 583, in __init__\n    raise PDFSyntaxError(\'No /Root object! - Is this really a PDF?\')\npdfminer.pdfparser.PDFSyntaxError: No /Root object! - Is this really a PDF?\n'"
data/cpet_articles/pdfs/springer_non_oa_pdfs/s004210050307.pdf,"b'Traceback (most recent call last):\n  File ""/Users/antonhesse/opt/anaconda3/bin/pdf2txt.py"", line 115, in <module>\n    if __name__ == \'__main__\': sys.exit(main(sys.argv))\n  File ""/Users/antonhesse/opt/anaconda3/bin/pdf2txt.py"", line 110, in main\n    interpreter.process_page(page)\n  File ""/Users/antonhesse/opt/anaconda3/lib/python3.8/site-packages/pdfminer/pdfinterp.py"", line 841, in process_page\n    self.render_contents(page.resources, page.contents, ctm=ctm)\n  File ""/Users/antonhesse/opt/anaconda3/lib/python3.8/site-packages/pdfminer/pdfinterp.py"", line 854, in render_contents\n    self.execute(list_value(streams))\n  File ""/Users/antonhesse/opt/anaconda3/lib/python3.8/site-packages/pdfminer/pdfinterp.py"", line 869, in execute\n    name = keyword_name(obj).decode(\'ascii\')\nUnicodeDecodeError: \'ascii\' codec can\'t decode byte 0xd0 in position 0: ordinal not in range(128)\n'"
data/cpet_articles/pdfs/springer_non_oa_pdfs/bf00138268.pdf,"b'Traceback (most recent call last):\n  File ""/Users/antonhesse/opt/anaconda3/bin/pdf2txt.py"", line 115, in <module>\n    if __name__ == \'__main__\': sys.exit(main(sys.argv))\n  File ""/Users/antonhesse/opt/anaconda3/bin/pdf2txt.py"", line 106, in main\n    for page in PDFPage.get_pages(fp, pagenos,\n  File ""/Users/antonhesse/opt/anaconda3/lib/python3.8/site-packages/pdfminer/pdfpage.py"", line 122, in get_pages\n    doc = PDFDocument(parser, password=password, caching=caching)\n  File ""/Users/antonhesse/opt/anaconda3/lib/python3.8/site-packages/pdfminer/pdfdocument.py"", line 583, in __init__\n    raise PDFSyntaxError(\'No /Root object! - Is this really a PDF?\')\npdfminer.pdfparser.PDFSyntaxError: No /Root object! - Is this really a PDF?\n'"
data/cpet_articles/pdfs/springer_non_oa_pdfs/s00442-019-04430-z.pdf,"b'Traceback (most recent call last):\n  File ""/Users/antonhesse/opt/anaconda3/bin/pdf2txt.py"", line 115, in <module>\n    if __name__ == \'__main__\': sys.exit(main(sys.argv))\n  File ""/Users/antonhesse/opt/anaconda3/bin/pdf2txt.py"", line 106, in main\n    for page in PDFPage.get_pages(fp, pagenos,\n  File ""/Users/antonhesse/opt/anaconda3/lib/python3.8/site-packages/pdfminer/pdfpage.py"", line 122, in get_pages\n    doc = PDFDocument(parser, password=password, caching=caching)\n  File ""/Users/antonhesse/opt/anaconda3/lib/python3.8/site-packages/pdfminer/pdfdocument.py"", line 583, in __init__\n    raise PDFSyntaxError(\'No /Root object! - Is this really a PDF?\')\npdfminer.pdfparser.PDFSyntaxError: No /Root object! - Is this really a PDF?\n'"
data/cpet_articles/pdfs/springer_non_oa_pdfs/bf01744799.pdf,"b'Traceback (most recent call last):\n  File ""/Users/antonhesse/opt/anaconda3/bin/pdf2txt.py"", line 115, in <module>\n    if __name__ == \'__main__\': sys.exit(main(sys.argv))\n  File ""/Users/antonhesse/opt/anaconda3/bin/pdf2txt.py"", line 106, in main\n    for page in PDFPage.get_pages(fp, pagenos,\n  File ""/Users/antonhesse/opt/anaconda3/lib/python3.8/site-packages/pdfminer/pdfpage.py"", line 122, in get_pages\n    doc = PDFDocument(parser, password=password, caching=caching)\n  File ""/Users/antonhesse/opt/anaconda3/lib/python3.8/site-packages/pdfminer/pdfdocument.py"", line 583, in __init__\n    raise PDFSyntaxError(\'No /Root object! - Is this really a PDF?\')\npdfminer.pdfparser.PDFSyntaxError: No /Root object! - Is this really a PDF?\n'"
data/cpet_articles/pdfs/springer_non_oa_pdfs/s100670070040.pdf,"b'Traceback (most recent call last):\n  File ""/Users/antonhesse/opt/anaconda3/bin/pdf2txt.py"", line 115, in <module>\n    if __name__ == \'__main__\': sys.exit(main(sys.argv))\n  File ""/Users/antonhesse/opt/anaconda3/bin/pdf2txt.py"", line 106, in main\n    for page in PDFPage.get_pages(fp, pagenos,\n  File ""/Users/antonhesse/opt/anaconda3/lib/python3.8/site-packages/pdfminer/pdfpage.py"", line 122, in get_pages\n    doc = PDFDocument(parser, password=password, caching=caching)\n  File ""/Users/antonhesse/opt/anaconda3/lib/python3.8/site-packages/pdfminer/pdfdocument.py"", line 583, in __init__\n    raise PDFSyntaxError(\'No /Root object! - Is this really a PDF?\')\npdfminer.pdfparser.PDFSyntaxError: No /Root object! - Is this really a PDF?\n'"
data/cpet_articles/pdfs/springer_non_oa_pdfs/s00421-002-0595-3.pdf,"b'Traceback (most recent call last):\n  File ""/Users/antonhesse/opt/anaconda3/bin/pdf2txt.py"", line 115, in <module>\n    if __name__ == \'__main__\': sys.exit(main(sys.argv))\n  File ""/Users/antonhesse/opt/anaconda3/bin/pdf2txt.py"", line 106, in main\n    for page in PDFPage.get_pages(fp, pagenos,\n  File ""/Users/antonhesse/opt/anaconda3/lib/python3.8/site-packages/pdfminer/pdfpage.py"", line 122, in get_pages\n    doc = PDFDocument(parser, password=password, caching=caching)\n  File ""/Users/antonhesse/opt/anaconda3/lib/python3.8/site-packages/pdfminer/pdfdocument.py"", line 583, in __init__\n    raise PDFSyntaxError(\'No /Root object! - Is this really a PDF?\')\npdfminer.pdfparser.PDFSyntaxError: No /Root object! - Is this really a PDF?\n'"
data/cpet_articles/pdfs/springer_non_oa_pdfs/bf00430955.pdf,"b'Traceback (most recent call last):\n  File ""/Users/antonhesse/opt/anaconda3/bin/pdf2txt.py"", line 115, in <module>\n    if __name__ == \'__main__\': sys.exit(main(sys.argv))\n  File ""/Users/antonhesse/opt/anaconda3/bin/pdf2txt.py"", line 106, in main\n    for page in PDFPage.get_pages(fp, pagenos,\n  File ""/Users/antonhesse/opt/anaconda3/lib/python3.8/site-packages/pdfminer/pdfpage.py"", line 122, in get_pages\n    doc = PDFDocument(parser, password=password, caching=caching)\n  File ""/Users/antonhesse/opt/anaconda3/lib/python3.8/site-packages/pdfminer/pdfdocument.py"", line 583, in __init__\n    raise PDFSyntaxError(\'No /Root object! - Is this really a PDF?\')\npdfminer.pdfparser.PDFSyntaxError: No /Root object! - Is this really a PDF?\n'"
data/cpet_articles/pdfs/springer_non_oa_pdfs/11317840-000000000-00000.pdf,"b'Traceback (most recent call last):\n  File ""/Users/antonhesse/opt/anaconda3/bin/pdf2txt.py"", line 115, in <module>\n    if __name__ == \'__main__\': sys.exit(main(sys.argv))\n  File ""/Users/antonhesse/opt/anaconda3/bin/pdf2txt.py"", line 106, in main\n    for page in PDFPage.get_pages(fp, pagenos,\n  File ""/Users/antonhesse/opt/anaconda3/lib/python3.8/site-packages/pdfminer/pdfpage.py"", line 122, in get_pages\n    doc = PDFDocument(parser, password=password, caching=caching)\n  File ""/Users/antonhesse/opt/anaconda3/lib/python3.8/site-packages/pdfminer/pdfdocument.py"", line 583, in __init__\n    raise PDFSyntaxError(\'No /Root object! - Is this really a PDF?\')\npdfminer.pdfparser.PDFSyntaxError: No /Root object! - Is this really a PDF?\n'"
data/cpet_articles/pdfs/springer_non_oa_pdfs/s00421-007-0457-0.pdf,"b'Traceback (most recent call last):\n  File ""/Users/antonhesse/opt/anaconda3/bin/pdf2txt.py"", line 115, in <module>\n    if __name__ == \'__main__\': sys.exit(main(sys.argv))\n  File ""/Users/antonhesse/opt/anaconda3/bin/pdf2txt.py"", line 106, in main\n    for page in PDFPage.get_pages(fp, pagenos,\n  File ""/Users/antonhesse/opt/anaconda3/lib/python3.8/site-packages/pdfminer/pdfpage.py"", line 122, in get_pages\n    doc = PDFDocument(parser, password=password, caching=caching)\n  File ""/Users/antonhesse/opt/anaconda3/lib/python3.8/site-packages/pdfminer/pdfdocument.py"", line 583, in __init__\n    raise PDFSyntaxError(\'No /Root object! - Is this really a PDF?\')\npdfminer.pdfparser.PDFSyntaxError: No /Root object! - Is this really a PDF?\n'"
data/cpet_articles/pdfs/springer_non_oa_pdfs/bf00715007.pdf,"b'Traceback (most recent call last):\n  File ""/Users/antonhesse/opt/anaconda3/bin/pdf2txt.py"", line 115, in <module>\n    if __name__ == \'__main__\': sys.exit(main(sys.argv))\n  File ""/Users/antonhesse/opt/anaconda3/bin/pdf2txt.py"", line 106, in main\n    for page in PDFPage.get_pages(fp, pagenos,\n  File ""/Users/antonhesse/opt/anaconda3/lib/python3.8/site-packages/pdfminer/pdfpage.py"", line 122, in get_pages\n    doc = PDFDocument(parser, password=password, caching=caching)\n  File ""/Users/antonhesse/opt/anaconda3/lib/python3.8/site-packages/pdfminer/pdfdocument.py"", line 583, in __init__\n    raise PDFSyntaxError(\'No /Root object! - Is this really a PDF?\')\npdfminer.pdfparser.PDFSyntaxError: No /Root object! - Is this really a PDF?\n'"
data/cpet_articles/pdfs/springer_non_oa_pdfs/bf02778874.pdf,"b'Traceback (most recent call last):\n  File ""/Users/antonhesse/opt/anaconda3/bin/pdf2txt.py"", line 115, in <module>\n    if __name__ == \'__main__\': sys.exit(main(sys.argv))\n  File ""/Users/antonhesse/opt/anaconda3/bin/pdf2txt.py"", line 106, in main\n    for page in PDFPage.get_pages(fp, pagenos,\n  File ""/Users/antonhesse/opt/anaconda3/lib/python3.8/site-packages/pdfminer/pdfpage.py"", line 122, in get_pages\n    doc = PDFDocument(parser, password=password, caching=caching)\n  File ""/Users/antonhesse/opt/anaconda3/lib/python3.8/site-packages/pdfminer/pdfdocument.py"", line 583, in __init__\n    raise PDFSyntaxError(\'No /Root object! - Is this really a PDF?\')\npdfminer.pdfparser.PDFSyntaxError: No /Root object! - Is this really a PDF?\n'"
data/cpet_articles/pdfs/springer_non_oa_pdfs/s00421-008-0885-5.pdf,"b'Traceback (most recent call last):\n  File ""/Users/antonhesse/opt/anaconda3/bin/pdf2txt.py"", line 115, in <module>\n    if __name__ == \'__main__\': sys.exit(main(sys.argv))\n  File ""/Users/antonhesse/opt/anaconda3/bin/pdf2txt.py"", line 106, in main\n    for page in PDFPage.get_pages(fp, pagenos,\n  File ""/Users/antonhesse/opt/anaconda3/lib/python3.8/site-packages/pdfminer/pdfpage.py"", line 122, in get_pages\n    doc = PDFDocument(parser, password=password, caching=caching)\n  File ""/Users/antonhesse/opt/anaconda3/lib/python3.8/site-packages/pdfminer/pdfdocument.py"", line 583, in __init__\n    raise PDFSyntaxError(\'No /Root object! - Is this really a PDF?\')\npdfminer.pdfparser.PDFSyntaxError: No /Root object! - Is this really a PDF?\n'"
data/cpet_articles/pdfs/springer_non_oa_pdfs/s1734-1140(10)70242-5.pdf,"b""/bin/sh: -c: line 0: syntax error near unexpected token `('\n/bin/sh: -c: line 0: `pdf2txt.py -o data/cpet_articles/pdfs/springer_non_oa_pdfs/s1734-1140(10)70242-5.txt data/cpet_articles/pdfs/springer_non_oa_pdfs/s1734-1140(10)70242-5.pdf'\n"""
data/cpet_articles/pdfs/springer_non_oa_pdfs/bf01015217.pdf,"b'Traceback (most recent call last):\n  File ""/Users/antonhesse/opt/anaconda3/bin/pdf2txt.py"", line 115, in <module>\n    if __name__ == \'__main__\': sys.exit(main(sys.argv))\n  File ""/Users/antonhesse/opt/anaconda3/bin/pdf2txt.py"", line 106, in main\n    for page in PDFPage.get_pages(fp, pagenos,\n  File ""/Users/antonhesse/opt/anaconda3/lib/python3.8/site-packages/pdfminer/pdfpage.py"", line 122, in get_pages\n    doc = PDFDocument(parser, password=password, caching=caching)\n  File ""/Users/antonhesse/opt/anaconda3/lib/python3.8/site-packages/pdfminer/pdfdocument.py"", line 583, in __init__\n    raise PDFSyntaxError(\'No /Root object! - Is this really a PDF?\')\npdfminer.pdfparser.PDFSyntaxError: No /Root object! - Is this really a PDF?\n'"
data/cpet_articles/pdfs/springer_non_oa_pdfs/bf02388623.pdf,"b'Traceback (most recent call last):\n  File ""/Users/antonhesse/opt/anaconda3/bin/pdf2txt.py"", line 115, in <module>\n    if __name__ == \'__main__\': sys.exit(main(sys.argv))\n  File ""/Users/antonhesse/opt/anaconda3/bin/pdf2txt.py"", line 106, in main\n    for page in PDFPage.get_pages(fp, pagenos,\n  File ""/Users/antonhesse/opt/anaconda3/lib/python3.8/site-packages/pdfminer/pdfpage.py"", line 122, in get_pages\n    doc = PDFDocument(parser, password=password, caching=caching)\n  File ""/Users/antonhesse/opt/anaconda3/lib/python3.8/site-packages/pdfminer/pdfdocument.py"", line 583, in __init__\n    raise PDFSyntaxError(\'No /Root object! - Is this really a PDF?\')\npdfminer.pdfparser.PDFSyntaxError: No /Root object! - Is this really a PDF?\n'"
data/cpet_articles/pdfs/springer_non_oa_pdfs/bf00618496.pdf,"b'Traceback (most recent call last):\n  File ""/Users/antonhesse/opt/anaconda3/bin/pdf2txt.py"", line 115, in <module>\n    if __name__ == \'__main__\': sys.exit(main(sys.argv))\n  File ""/Users/antonhesse/opt/anaconda3/bin/pdf2txt.py"", line 106, in main\n    for page in PDFPage.get_pages(fp, pagenos,\n  File ""/Users/antonhesse/opt/anaconda3/lib/python3.8/site-packages/pdfminer/pdfpage.py"", line 122, in get_pages\n    doc = PDFDocument(parser, password=password, caching=caching)\n  File ""/Users/antonhesse/opt/anaconda3/lib/python3.8/site-packages/pdfminer/pdfdocument.py"", line 583, in __init__\n    raise PDFSyntaxError(\'No /Root object! - Is this really a PDF?\')\npdfminer.pdfparser.PDFSyntaxError: No /Root object! - Is this really a PDF?\n'"
data/cpet_articles/pdfs/springer_non_oa_pdfs/s00421-007-0529-1.pdf,"b'Traceback (most recent call last):\n  File ""/Users/antonhesse/opt/anaconda3/bin/pdf2txt.py"", line 115, in <module>\n    if __name__ == \'__main__\': sys.exit(main(sys.argv))\n  File ""/Users/antonhesse/opt/anaconda3/bin/pdf2txt.py"", line 106, in main\n    for page in PDFPage.get_pages(fp, pagenos,\n  File ""/Users/antonhesse/opt/anaconda3/lib/python3.8/site-packages/pdfminer/pdfpage.py"", line 122, in get_pages\n    doc = PDFDocument(parser, password=password, caching=caching)\n  File ""/Users/antonhesse/opt/anaconda3/lib/python3.8/site-packages/pdfminer/pdfdocument.py"", line 583, in __init__\n    raise PDFSyntaxError(\'No /Root object! - Is this really a PDF?\')\npdfminer.pdfparser.PDFSyntaxError: No /Root object! - Is this really a PDF?\n'"
data/cpet_articles/pdfs/springer_non_oa_pdfs/s42255-021-00388-6.pdf,"b'Traceback (most recent call last):\n  File ""/Users/antonhesse/opt/anaconda3/bin/pdf2txt.py"", line 115, in <module>\n    if __name__ == \'__main__\': sys.exit(main(sys.argv))\n  File ""/Users/antonhesse/opt/anaconda3/bin/pdf2txt.py"", line 106, in main\n    for page in PDFPage.get_pages(fp, pagenos,\n  File ""/Users/antonhesse/opt/anaconda3/lib/python3.8/site-packages/pdfminer/pdfpage.py"", line 122, in get_pages\n    doc = PDFDocument(parser, password=password, caching=caching)\n  File ""/Users/antonhesse/opt/anaconda3/lib/python3.8/site-packages/pdfminer/pdfdocument.py"", line 583, in __init__\n    raise PDFSyntaxError(\'No /Root object! - Is this really a PDF?\')\npdfminer.pdfparser.PDFSyntaxError: No /Root object! - Is this really a PDF?\n'"
data/cpet_articles/pdfs/springer_non_oa_pdfs/bf00423296.pdf,"b'Traceback (most recent call last):\n  File ""/Users/antonhesse/opt/anaconda3/bin/pdf2txt.py"", line 115, in <module>\n    if __name__ == \'__main__\': sys.exit(main(sys.argv))\n  File ""/Users/antonhesse/opt/anaconda3/bin/pdf2txt.py"", line 106, in main\n    for page in PDFPage.get_pages(fp, pagenos,\n  File ""/Users/antonhesse/opt/anaconda3/lib/python3.8/site-packages/pdfminer/pdfpage.py"", line 122, in get_pages\n    doc = PDFDocument(parser, password=password, caching=caching)\n  File ""/Users/antonhesse/opt/anaconda3/lib/python3.8/site-packages/pdfminer/pdfdocument.py"", line 583, in __init__\n    raise PDFSyntaxError(\'No /Root object! - Is this really a PDF?\')\npdfminer.pdfparser.PDFSyntaxError: No /Root object! - Is this really a PDF?\n'"
data/cpet_articles/pdfs/springer_non_oa_pdfs/bf00423240.pdf,"b'Traceback (most recent call last):\n  File ""/Users/antonhesse/opt/anaconda3/bin/pdf2txt.py"", line 115, in <module>\n    if __name__ == \'__main__\': sys.exit(main(sys.argv))\n  File ""/Users/antonhesse/opt/anaconda3/bin/pdf2txt.py"", line 106, in main\n    for page in PDFPage.get_pages(fp, pagenos,\n  File ""/Users/antonhesse/opt/anaconda3/lib/python3.8/site-packages/pdfminer/pdfpage.py"", line 122, in get_pages\n    doc = PDFDocument(parser, password=password, caching=caching)\n  File ""/Users/antonhesse/opt/anaconda3/lib/python3.8/site-packages/pdfminer/pdfdocument.py"", line 583, in __init__\n    raise PDFSyntaxError(\'No /Root object! - Is this really a PDF?\')\npdfminer.pdfparser.PDFSyntaxError: No /Root object! - Is this really a PDF?\n'"
data/cpet_articles/pdfs/springer_non_oa_pdfs/bf00421319.pdf,"b'Traceback (most recent call last):\n  File ""/Users/antonhesse/opt/anaconda3/bin/pdf2txt.py"", line 115, in <module>\n    if __name__ == \'__main__\': sys.exit(main(sys.argv))\n  File ""/Users/antonhesse/opt/anaconda3/bin/pdf2txt.py"", line 106, in main\n    for page in PDFPage.get_pages(fp, pagenos,\n  File ""/Users/antonhesse/opt/anaconda3/lib/python3.8/site-packages/pdfminer/pdfpage.py"", line 122, in get_pages\n    doc = PDFDocument(parser, password=password, caching=caching)\n  File ""/Users/antonhesse/opt/anaconda3/lib/python3.8/site-packages/pdfminer/pdfdocument.py"", line 583, in __init__\n    raise PDFSyntaxError(\'No /Root object! - Is this really a PDF?\')\npdfminer.pdfparser.PDFSyntaxError: No /Root object! - Is this really a PDF?\n'"
data/cpet_articles/pdfs/springer_non_oa_pdfs/0009-9236(95)90057-8.pdf,"b""/bin/sh: -c: line 0: syntax error near unexpected token `('\n/bin/sh: -c: line 0: `pdf2txt.py -o data/cpet_articles/pdfs/springer_non_oa_pdfs/0009-9236(95)90057-8.txt data/cpet_articles/pdfs/springer_non_oa_pdfs/0009-9236(95)90057-8.pdf'\n"""
data/cpet_articles/pdfs/springer_non_oa_pdfs/s00415-006-0987-0.pdf,"b'Traceback (most recent call last):\n  File ""/Users/antonhesse/opt/anaconda3/bin/pdf2txt.py"", line 115, in <module>\n    if __name__ == \'__main__\': sys.exit(main(sys.argv))\n  File ""/Users/antonhesse/opt/anaconda3/bin/pdf2txt.py"", line 106, in main\n    for page in PDFPage.get_pages(fp, pagenos,\n  File ""/Users/antonhesse/opt/anaconda3/lib/python3.8/site-packages/pdfminer/pdfpage.py"", line 122, in get_pages\n    doc = PDFDocument(parser, password=password, caching=caching)\n  File ""/Users/antonhesse/opt/anaconda3/lib/python3.8/site-packages/pdfminer/pdfdocument.py"", line 583, in __init__\n    raise PDFSyntaxError(\'No /Root object! - Is this really a PDF?\')\npdfminer.pdfparser.PDFSyntaxError: No /Root object! - Is this really a PDF?\n'"
data/cpet_articles/pdfs/springer_non_oa_pdfs/s00300-017-2209-x.pdf,"b'Traceback (most recent call last):\n  File ""/Users/antonhesse/opt/anaconda3/bin/pdf2txt.py"", line 115, in <module>\n    if __name__ == \'__main__\': sys.exit(main(sys.argv))\n  File ""/Users/antonhesse/opt/anaconda3/bin/pdf2txt.py"", line 106, in main\n    for page in PDFPage.get_pages(fp, pagenos,\n  File ""/Users/antonhesse/opt/anaconda3/lib/python3.8/site-packages/pdfminer/pdfpage.py"", line 122, in get_pages\n    doc = PDFDocument(parser, password=password, caching=caching)\n  File ""/Users/antonhesse/opt/anaconda3/lib/python3.8/site-packages/pdfminer/pdfdocument.py"", line 583, in __init__\n    raise PDFSyntaxError(\'No /Root object! - Is this really a PDF?\')\npdfminer.pdfparser.PDFSyntaxError: No /Root object! - Is this really a PDF?\n'"
data/cpet_articles/pdfs/springer_non_oa_pdfs/pl00007576.pdf,"b'Traceback (most recent call last):\n  File ""/Users/antonhesse/opt/anaconda3/bin/pdf2txt.py"", line 115, in <module>\n    if __name__ == \'__main__\': sys.exit(main(sys.argv))\n  File ""/Users/antonhesse/opt/anaconda3/bin/pdf2txt.py"", line 106, in main\n    for page in PDFPage.get_pages(fp, pagenos,\n  File ""/Users/antonhesse/opt/anaconda3/lib/python3.8/site-packages/pdfminer/pdfpage.py"", line 122, in get_pages\n    doc = PDFDocument(parser, password=password, caching=caching)\n  File ""/Users/antonhesse/opt/anaconda3/lib/python3.8/site-packages/pdfminer/pdfdocument.py"", line 583, in __init__\n    raise PDFSyntaxError(\'No /Root object! - Is this really a PDF?\')\npdfminer.pdfparser.PDFSyntaxError: No /Root object! - Is this really a PDF?\n'"
data/cpet_articles/pdfs/springer_non_oa_pdfs/bf00422893.pdf,"b'Traceback (most recent call last):\n  File ""/Users/antonhesse/opt/anaconda3/bin/pdf2txt.py"", line 115, in <module>\n    if __name__ == \'__main__\': sys.exit(main(sys.argv))\n  File ""/Users/antonhesse/opt/anaconda3/bin/pdf2txt.py"", line 106, in main\n    for page in PDFPage.get_pages(fp, pagenos,\n  File ""/Users/antonhesse/opt/anaconda3/lib/python3.8/site-packages/pdfminer/pdfpage.py"", line 122, in get_pages\n    doc = PDFDocument(parser, password=password, caching=caching)\n  File ""/Users/antonhesse/opt/anaconda3/lib/python3.8/site-packages/pdfminer/pdfdocument.py"", line 583, in __init__\n    raise PDFSyntaxError(\'No /Root object! - Is this really a PDF?\')\npdfminer.pdfparser.PDFSyntaxError: No /Root object! - Is this really a PDF?\n'"
data/cpet_articles/pdfs/springer_non_oa_pdfs/s00392-003-1009-1.pdf,"b'Traceback (most recent call last):\n  File ""/Users/antonhesse/opt/anaconda3/bin/pdf2txt.py"", line 115, in <module>\n    if __name__ == \'__main__\': sys.exit(main(sys.argv))\n  File ""/Users/antonhesse/opt/anaconda3/bin/pdf2txt.py"", line 106, in main\n    for page in PDFPage.get_pages(fp, pagenos,\n  File ""/Users/antonhesse/opt/anaconda3/lib/python3.8/site-packages/pdfminer/pdfpage.py"", line 122, in get_pages\n    doc = PDFDocument(parser, password=password, caching=caching)\n  File ""/Users/antonhesse/opt/anaconda3/lib/python3.8/site-packages/pdfminer/pdfdocument.py"", line 583, in __init__\n    raise PDFSyntaxError(\'No /Root object! - Is this really a PDF?\')\npdfminer.pdfparser.PDFSyntaxError: No /Root object! - Is this really a PDF?\n'"
data/cpet_articles/pdfs/springer_non_oa_pdfs/bf00606546.pdf,"b'Traceback (most recent call last):\n  File ""/Users/antonhesse/opt/anaconda3/bin/pdf2txt.py"", line 115, in <module>\n    if __name__ == \'__main__\': sys.exit(main(sys.argv))\n  File ""/Users/antonhesse/opt/anaconda3/bin/pdf2txt.py"", line 106, in main\n    for page in PDFPage.get_pages(fp, pagenos,\n  File ""/Users/antonhesse/opt/anaconda3/lib/python3.8/site-packages/pdfminer/pdfpage.py"", line 122, in get_pages\n    doc = PDFDocument(parser, password=password, caching=caching)\n  File ""/Users/antonhesse/opt/anaconda3/lib/python3.8/site-packages/pdfminer/pdfdocument.py"", line 583, in __init__\n    raise PDFSyntaxError(\'No /Root object! - Is this really a PDF?\')\npdfminer.pdfparser.PDFSyntaxError: No /Root object! - Is this really a PDF?\n'"
data/cpet_articles/pdfs/springer_non_oa_pdfs/bf00542343.pdf,"b'Traceback (most recent call last):\n  File ""/Users/antonhesse/opt/anaconda3/bin/pdf2txt.py"", line 115, in <module>\n    if __name__ == \'__main__\': sys.exit(main(sys.argv))\n  File ""/Users/antonhesse/opt/anaconda3/bin/pdf2txt.py"", line 106, in main\n    for page in PDFPage.get_pages(fp, pagenos,\n  File ""/Users/antonhesse/opt/anaconda3/lib/python3.8/site-packages/pdfminer/pdfpage.py"", line 122, in get_pages\n    doc = PDFDocument(parser, password=password, caching=caching)\n  File ""/Users/antonhesse/opt/anaconda3/lib/python3.8/site-packages/pdfminer/pdfdocument.py"", line 583, in __init__\n    raise PDFSyntaxError(\'No /Root object! - Is this really a PDF?\')\npdfminer.pdfparser.PDFSyntaxError: No /Root object! - Is this really a PDF?\n'"
data/cpet_articles/pdfs/springer_non_oa_pdfs/s00421-009-1291-3.pdf,"b'Traceback (most recent call last):\n  File ""/Users/antonhesse/opt/anaconda3/bin/pdf2txt.py"", line 115, in <module>\n    if __name__ == \'__main__\': sys.exit(main(sys.argv))\n  File ""/Users/antonhesse/opt/anaconda3/bin/pdf2txt.py"", line 106, in main\n    for page in PDFPage.get_pages(fp, pagenos,\n  File ""/Users/antonhesse/opt/anaconda3/lib/python3.8/site-packages/pdfminer/pdfpage.py"", line 122, in get_pages\n    doc = PDFDocument(parser, password=password, caching=caching)\n  File ""/Users/antonhesse/opt/anaconda3/lib/python3.8/site-packages/pdfminer/pdfdocument.py"", line 583, in __init__\n    raise PDFSyntaxError(\'No /Root object! - Is this really a PDF?\')\npdfminer.pdfparser.PDFSyntaxError: No /Root object! - Is this really a PDF?\n'"
data/cpet_articles/pdfs/springer_non_oa_pdfs/00003495-198500292-00013.pdf,"b'Traceback (most recent call last):\n  File ""/Users/antonhesse/opt/anaconda3/bin/pdf2txt.py"", line 115, in <module>\n    if __name__ == \'__main__\': sys.exit(main(sys.argv))\n  File ""/Users/antonhesse/opt/anaconda3/bin/pdf2txt.py"", line 106, in main\n    for page in PDFPage.get_pages(fp, pagenos,\n  File ""/Users/antonhesse/opt/anaconda3/lib/python3.8/site-packages/pdfminer/pdfpage.py"", line 122, in get_pages\n    doc = PDFDocument(parser, password=password, caching=caching)\n  File ""/Users/antonhesse/opt/anaconda3/lib/python3.8/site-packages/pdfminer/pdfdocument.py"", line 583, in __init__\n    raise PDFSyntaxError(\'No /Root object! - Is this really a PDF?\')\npdfminer.pdfparser.PDFSyntaxError: No /Root object! - Is this really a PDF?\n'"
data/cpet_articles/pdfs/springer_non_oa_pdfs/s004210050403.pdf,"b'Traceback (most recent call last):\n  File ""/Users/antonhesse/opt/anaconda3/bin/pdf2txt.py"", line 115, in <module>\n    if __name__ == \'__main__\': sys.exit(main(sys.argv))\n  File ""/Users/antonhesse/opt/anaconda3/bin/pdf2txt.py"", line 106, in main\n    for page in PDFPage.get_pages(fp, pagenos,\n  File ""/Users/antonhesse/opt/anaconda3/lib/python3.8/site-packages/pdfminer/pdfpage.py"", line 122, in get_pages\n    doc = PDFDocument(parser, password=password, caching=caching)\n  File ""/Users/antonhesse/opt/anaconda3/lib/python3.8/site-packages/pdfminer/pdfdocument.py"", line 583, in __init__\n    raise PDFSyntaxError(\'No /Root object! - Is this really a PDF?\')\npdfminer.pdfparser.PDFSyntaxError: No /Root object! - Is this really a PDF?\n'"
data/cpet_articles/pdfs/springer_non_oa_pdfs/s004840050066.pdf,"b'Traceback (most recent call last):\n  File ""/Users/antonhesse/opt/anaconda3/bin/pdf2txt.py"", line 115, in <module>\n    if __name__ == \'__main__\': sys.exit(main(sys.argv))\n  File ""/Users/antonhesse/opt/anaconda3/bin/pdf2txt.py"", line 106, in main\n    for page in PDFPage.get_pages(fp, pagenos,\n  File ""/Users/antonhesse/opt/anaconda3/lib/python3.8/site-packages/pdfminer/pdfpage.py"", line 122, in get_pages\n    doc = PDFDocument(parser, password=password, caching=caching)\n  File ""/Users/antonhesse/opt/anaconda3/lib/python3.8/site-packages/pdfminer/pdfdocument.py"", line 583, in __init__\n    raise PDFSyntaxError(\'No /Root object! - Is this really a PDF?\')\npdfminer.pdfparser.PDFSyntaxError: No /Root object! - Is this really a PDF?\n'"
data/cpet_articles/pdfs/springer_non_oa_pdfs/s00421-009-0989-6.pdf,"b'Traceback (most recent call last):\n  File ""/Users/antonhesse/opt/anaconda3/bin/pdf2txt.py"", line 115, in <module>\n    if __name__ == \'__main__\': sys.exit(main(sys.argv))\n  File ""/Users/antonhesse/opt/anaconda3/bin/pdf2txt.py"", line 106, in main\n    for page in PDFPage.get_pages(fp, pagenos,\n  File ""/Users/antonhesse/opt/anaconda3/lib/python3.8/site-packages/pdfminer/pdfpage.py"", line 122, in get_pages\n    doc = PDFDocument(parser, password=password, caching=caching)\n  File ""/Users/antonhesse/opt/anaconda3/lib/python3.8/site-packages/pdfminer/pdfdocument.py"", line 583, in __init__\n    raise PDFSyntaxError(\'No /Root object! - Is this really a PDF?\')\npdfminer.pdfparser.PDFSyntaxError: No /Root object! - Is this really a PDF?\n'"
data/cpet_articles/pdfs/springer_non_oa_pdfs/bf02376773.pdf,"b'Traceback (most recent call last):\n  File ""/Users/antonhesse/opt/anaconda3/bin/pdf2txt.py"", line 115, in <module>\n    if __name__ == \'__main__\': sys.exit(main(sys.argv))\n  File ""/Users/antonhesse/opt/anaconda3/bin/pdf2txt.py"", line 106, in main\n    for page in PDFPage.get_pages(fp, pagenos,\n  File ""/Users/antonhesse/opt/anaconda3/lib/python3.8/site-packages/pdfminer/pdfpage.py"", line 122, in get_pages\n    doc = PDFDocument(parser, password=password, caching=caching)\n  File ""/Users/antonhesse/opt/anaconda3/lib/python3.8/site-packages/pdfminer/pdfdocument.py"", line 583, in __init__\n    raise PDFSyntaxError(\'No /Root object! - Is this really a PDF?\')\npdfminer.pdfparser.PDFSyntaxError: No /Root object! - Is this really a PDF?\n'"
data/cpet_articles/pdfs/springer_non_oa_pdfs/s00421-002-0712-3.pdf,"b'Traceback (most recent call last):\n  File ""/Users/antonhesse/opt/anaconda3/bin/pdf2txt.py"", line 115, in <module>\n    if __name__ == \'__main__\': sys.exit(main(sys.argv))\n  File ""/Users/antonhesse/opt/anaconda3/bin/pdf2txt.py"", line 106, in main\n    for page in PDFPage.get_pages(fp, pagenos,\n  File ""/Users/antonhesse/opt/anaconda3/lib/python3.8/site-packages/pdfminer/pdfpage.py"", line 122, in get_pages\n    doc = PDFDocument(parser, password=password, caching=caching)\n  File ""/Users/antonhesse/opt/anaconda3/lib/python3.8/site-packages/pdfminer/pdfdocument.py"", line 583, in __init__\n    raise PDFSyntaxError(\'No /Root object! - Is this really a PDF?\')\npdfminer.pdfparser.PDFSyntaxError: No /Root object! - Is this really a PDF?\n'"
data/cpet_articles/pdfs/springer_non_oa_pdfs/bf00376447.pdf,"b'Traceback (most recent call last):\n  File ""/Users/antonhesse/opt/anaconda3/bin/pdf2txt.py"", line 115, in <module>\n    if __name__ == \'__main__\': sys.exit(main(sys.argv))\n  File ""/Users/antonhesse/opt/anaconda3/bin/pdf2txt.py"", line 106, in main\n    for page in PDFPage.get_pages(fp, pagenos,\n  File ""/Users/antonhesse/opt/anaconda3/lib/python3.8/site-packages/pdfminer/pdfpage.py"", line 122, in get_pages\n    doc = PDFDocument(parser, password=password, caching=caching)\n  File ""/Users/antonhesse/opt/anaconda3/lib/python3.8/site-packages/pdfminer/pdfdocument.py"", line 583, in __init__\n    raise PDFSyntaxError(\'No /Root object! - Is this really a PDF?\')\npdfminer.pdfparser.PDFSyntaxError: No /Root object! - Is this really a PDF?\n'"
data/cpet_articles/pdfs/springer_non_oa_pdfs/adv.2020.70.pdf,"b'Traceback (most recent call last):\n  File ""/Users/antonhesse/opt/anaconda3/bin/pdf2txt.py"", line 115, in <module>\n    if __name__ == \'__main__\': sys.exit(main(sys.argv))\n  File ""/Users/antonhesse/opt/anaconda3/bin/pdf2txt.py"", line 106, in main\n    for page in PDFPage.get_pages(fp, pagenos,\n  File ""/Users/antonhesse/opt/anaconda3/lib/python3.8/site-packages/pdfminer/pdfpage.py"", line 122, in get_pages\n    doc = PDFDocument(parser, password=password, caching=caching)\n  File ""/Users/antonhesse/opt/anaconda3/lib/python3.8/site-packages/pdfminer/pdfdocument.py"", line 583, in __init__\n    raise PDFSyntaxError(\'No /Root object! - Is this really a PDF?\')\npdfminer.pdfparser.PDFSyntaxError: No /Root object! - Is this really a PDF?\n'"
data/cpet_articles/pdfs/springer_non_oa_pdfs/s11668-016-0187-x.pdf,"b'Traceback (most recent call last):\n  File ""/Users/antonhesse/opt/anaconda3/bin/pdf2txt.py"", line 115, in <module>\n    if __name__ == \'__main__\': sys.exit(main(sys.argv))\n  File ""/Users/antonhesse/opt/anaconda3/bin/pdf2txt.py"", line 106, in main\n    for page in PDFPage.get_pages(fp, pagenos,\n  File ""/Users/antonhesse/opt/anaconda3/lib/python3.8/site-packages/pdfminer/pdfpage.py"", line 122, in get_pages\n    doc = PDFDocument(parser, password=password, caching=caching)\n  File ""/Users/antonhesse/opt/anaconda3/lib/python3.8/site-packages/pdfminer/pdfdocument.py"", line 583, in __init__\n    raise PDFSyntaxError(\'No /Root object! - Is this really a PDF?\')\npdfminer.pdfparser.PDFSyntaxError: No /Root object! - Is this really a PDF?\n'"
data/cpet_articles/pdfs/springer_non_oa_pdfs/s00421-017-3784-9.pdf,"b'Traceback (most recent call last):\n  File ""/Users/antonhesse/opt/anaconda3/bin/pdf2txt.py"", line 115, in <module>\n    if __name__ == \'__main__\': sys.exit(main(sys.argv))\n  File ""/Users/antonhesse/opt/anaconda3/bin/pdf2txt.py"", line 106, in main\n    for page in PDFPage.get_pages(fp, pagenos,\n  File ""/Users/antonhesse/opt/anaconda3/lib/python3.8/site-packages/pdfminer/pdfpage.py"", line 122, in get_pages\n    doc = PDFDocument(parser, password=password, caching=caching)\n  File ""/Users/antonhesse/opt/anaconda3/lib/python3.8/site-packages/pdfminer/pdfdocument.py"", line 583, in __init__\n    raise PDFSyntaxError(\'No /Root object! - Is this really a PDF?\')\npdfminer.pdfparser.PDFSyntaxError: No /Root object! - Is this really a PDF?\n'"
data/cpet_articles/pdfs/springer_non_oa_pdfs/s10484-012-9200-7.pdf,"b'Traceback (most recent call last):\n  File ""/Users/antonhesse/opt/anaconda3/bin/pdf2txt.py"", line 115, in <module>\n    if __name__ == \'__main__\': sys.exit(main(sys.argv))\n  File ""/Users/antonhesse/opt/anaconda3/bin/pdf2txt.py"", line 106, in main\n    for page in PDFPage.get_pages(fp, pagenos,\n  File ""/Users/antonhesse/opt/anaconda3/lib/python3.8/site-packages/pdfminer/pdfpage.py"", line 122, in get_pages\n    doc = PDFDocument(parser, password=password, caching=caching)\n  File ""/Users/antonhesse/opt/anaconda3/lib/python3.8/site-packages/pdfminer/pdfdocument.py"", line 583, in __init__\n    raise PDFSyntaxError(\'No /Root object! - Is this really a PDF?\')\npdfminer.pdfparser.PDFSyntaxError: No /Root object! - Is this really a PDF?\n'"
data/cpet_articles/pdfs/springer_non_oa_pdfs/bf00423220.pdf,"b'Traceback (most recent call last):\n  File ""/Users/antonhesse/opt/anaconda3/bin/pdf2txt.py"", line 115, in <module>\n    if __name__ == \'__main__\': sys.exit(main(sys.argv))\n  File ""/Users/antonhesse/opt/anaconda3/bin/pdf2txt.py"", line 106, in main\n    for page in PDFPage.get_pages(fp, pagenos,\n  File ""/Users/antonhesse/opt/anaconda3/lib/python3.8/site-packages/pdfminer/pdfpage.py"", line 122, in get_pages\n    doc = PDFDocument(parser, password=password, caching=caching)\n  File ""/Users/antonhesse/opt/anaconda3/lib/python3.8/site-packages/pdfminer/pdfdocument.py"", line 583, in __init__\n    raise PDFSyntaxError(\'No /Root object! - Is this really a PDF?\')\npdfminer.pdfparser.PDFSyntaxError: No /Root object! - Is this really a PDF?\n'"
data/cpet_articles/pdfs/springer_non_oa_pdfs/s00421-011-1827-1.pdf,"b'Traceback (most recent call last):\n  File ""/Users/antonhesse/opt/anaconda3/bin/pdf2txt.py"", line 115, in <module>\n    if __name__ == \'__main__\': sys.exit(main(sys.argv))\n  File ""/Users/antonhesse/opt/anaconda3/bin/pdf2txt.py"", line 106, in main\n    for page in PDFPage.get_pages(fp, pagenos,\n  File ""/Users/antonhesse/opt/anaconda3/lib/python3.8/site-packages/pdfminer/pdfpage.py"", line 122, in get_pages\n    doc = PDFDocument(parser, password=password, caching=caching)\n  File ""/Users/antonhesse/opt/anaconda3/lib/python3.8/site-packages/pdfminer/pdfdocument.py"", line 583, in __init__\n    raise PDFSyntaxError(\'No /Root object! - Is this really a PDF?\')\npdfminer.pdfparser.PDFSyntaxError: No /Root object! - Is this really a PDF?\n'"
data/cpet_articles/pdfs/springer_non_oa_pdfs/bf02333798.pdf,"b'Traceback (most recent call last):\n  File ""/Users/antonhesse/opt/anaconda3/bin/pdf2txt.py"", line 115, in <module>\n    if __name__ == \'__main__\': sys.exit(main(sys.argv))\n  File ""/Users/antonhesse/opt/anaconda3/bin/pdf2txt.py"", line 106, in main\n    for page in PDFPage.get_pages(fp, pagenos,\n  File ""/Users/antonhesse/opt/anaconda3/lib/python3.8/site-packages/pdfminer/pdfpage.py"", line 122, in get_pages\n    doc = PDFDocument(parser, password=password, caching=caching)\n  File ""/Users/antonhesse/opt/anaconda3/lib/python3.8/site-packages/pdfminer/pdfdocument.py"", line 583, in __init__\n    raise PDFSyntaxError(\'No /Root object! - Is this really a PDF?\')\npdfminer.pdfparser.PDFSyntaxError: No /Root object! - Is this really a PDF?\n'"
data/cpet_articles/pdfs/springer_non_oa_pdfs/bf00441512.pdf,"b'Traceback (most recent call last):\n  File ""/Users/antonhesse/opt/anaconda3/bin/pdf2txt.py"", line 115, in <module>\n    if __name__ == \'__main__\': sys.exit(main(sys.argv))\n  File ""/Users/antonhesse/opt/anaconda3/bin/pdf2txt.py"", line 106, in main\n    for page in PDFPage.get_pages(fp, pagenos,\n  File ""/Users/antonhesse/opt/anaconda3/lib/python3.8/site-packages/pdfminer/pdfpage.py"", line 122, in get_pages\n    doc = PDFDocument(parser, password=password, caching=caching)\n  File ""/Users/antonhesse/opt/anaconda3/lib/python3.8/site-packages/pdfminer/pdfdocument.py"", line 583, in __init__\n    raise PDFSyntaxError(\'No /Root object! - Is this really a PDF?\')\npdfminer.pdfparser.PDFSyntaxError: No /Root object! - Is this really a PDF?\n'"
data/cpet_articles/pdfs/springer_non_oa_pdfs/bf03348571.pdf,"b'Traceback (most recent call last):\n  File ""/Users/antonhesse/opt/anaconda3/bin/pdf2txt.py"", line 115, in <module>\n    if __name__ == \'__main__\': sys.exit(main(sys.argv))\n  File ""/Users/antonhesse/opt/anaconda3/bin/pdf2txt.py"", line 106, in main\n    for page in PDFPage.get_pages(fp, pagenos,\n  File ""/Users/antonhesse/opt/anaconda3/lib/python3.8/site-packages/pdfminer/pdfpage.py"", line 122, in get_pages\n    doc = PDFDocument(parser, password=password, caching=caching)\n  File ""/Users/antonhesse/opt/anaconda3/lib/python3.8/site-packages/pdfminer/pdfdocument.py"", line 583, in __init__\n    raise PDFSyntaxError(\'No /Root object! - Is this really a PDF?\')\npdfminer.pdfparser.PDFSyntaxError: No /Root object! - Is this really a PDF?\n'"
data/cpet_articles/pdfs/springer_non_oa_pdfs/s00392-003-0968-6.pdf,"b'Traceback (most recent call last):\n  File ""/Users/antonhesse/opt/anaconda3/bin/pdf2txt.py"", line 115, in <module>\n    if __name__ == \'__main__\': sys.exit(main(sys.argv))\n  File ""/Users/antonhesse/opt/anaconda3/bin/pdf2txt.py"", line 106, in main\n    for page in PDFPage.get_pages(fp, pagenos,\n  File ""/Users/antonhesse/opt/anaconda3/lib/python3.8/site-packages/pdfminer/pdfpage.py"", line 122, in get_pages\n    doc = PDFDocument(parser, password=password, caching=caching)\n  File ""/Users/antonhesse/opt/anaconda3/lib/python3.8/site-packages/pdfminer/pdfdocument.py"", line 583, in __init__\n    raise PDFSyntaxError(\'No /Root object! - Is this really a PDF?\')\npdfminer.pdfparser.PDFSyntaxError: No /Root object! - Is this really a PDF?\n'"
data/cpet_articles/pdfs/springer_non_oa_pdfs/bf00999928.pdf,"b'Traceback (most recent call last):\n  File ""/Users/antonhesse/opt/anaconda3/bin/pdf2txt.py"", line 115, in <module>\n    if __name__ == \'__main__\': sys.exit(main(sys.argv))\n  File ""/Users/antonhesse/opt/anaconda3/bin/pdf2txt.py"", line 106, in main\n    for page in PDFPage.get_pages(fp, pagenos,\n  File ""/Users/antonhesse/opt/anaconda3/lib/python3.8/site-packages/pdfminer/pdfpage.py"", line 122, in get_pages\n    doc = PDFDocument(parser, password=password, caching=caching)\n  File ""/Users/antonhesse/opt/anaconda3/lib/python3.8/site-packages/pdfminer/pdfdocument.py"", line 583, in __init__\n    raise PDFSyntaxError(\'No /Root object! - Is this really a PDF?\')\npdfminer.pdfparser.PDFSyntaxError: No /Root object! - Is this really a PDF?\n'"
data/cpet_articles/pdfs/springer_non_oa_pdfs/s13762-019-02245-2.pdf,"b'Traceback (most recent call last):\n  File ""/Users/antonhesse/opt/anaconda3/bin/pdf2txt.py"", line 115, in <module>\n    if __name__ == \'__main__\': sys.exit(main(sys.argv))\n  File ""/Users/antonhesse/opt/anaconda3/bin/pdf2txt.py"", line 106, in main\n    for page in PDFPage.get_pages(fp, pagenos,\n  File ""/Users/antonhesse/opt/anaconda3/lib/python3.8/site-packages/pdfminer/pdfpage.py"", line 122, in get_pages\n    doc = PDFDocument(parser, password=password, caching=caching)\n  File ""/Users/antonhesse/opt/anaconda3/lib/python3.8/site-packages/pdfminer/pdfdocument.py"", line 583, in __init__\n    raise PDFSyntaxError(\'No /Root object! - Is this really a PDF?\')\npdfminer.pdfparser.PDFSyntaxError: No /Root object! - Is this really a PDF?\n'"
data/cpet_articles/pdfs/springer_non_oa_pdfs/s00421-001-0545-5.pdf,"b'Traceback (most recent call last):\n  File ""/Users/antonhesse/opt/anaconda3/bin/pdf2txt.py"", line 115, in <module>\n    if __name__ == \'__main__\': sys.exit(main(sys.argv))\n  File ""/Users/antonhesse/opt/anaconda3/bin/pdf2txt.py"", line 106, in main\n    for page in PDFPage.get_pages(fp, pagenos,\n  File ""/Users/antonhesse/opt/anaconda3/lib/python3.8/site-packages/pdfminer/pdfpage.py"", line 122, in get_pages\n    doc = PDFDocument(parser, password=password, caching=caching)\n  File ""/Users/antonhesse/opt/anaconda3/lib/python3.8/site-packages/pdfminer/pdfdocument.py"", line 583, in __init__\n    raise PDFSyntaxError(\'No /Root object! - Is this really a PDF?\')\npdfminer.pdfparser.PDFSyntaxError: No /Root object! - Is this really a PDF?\n'"
data/cpet_articles/pdfs/springer_non_oa_pdfs/bf00952250.pdf,"b'Traceback (most recent call last):\n  File ""/Users/antonhesse/opt/anaconda3/bin/pdf2txt.py"", line 115, in <module>\n    if __name__ == \'__main__\': sys.exit(main(sys.argv))\n  File ""/Users/antonhesse/opt/anaconda3/bin/pdf2txt.py"", line 106, in main\n    for page in PDFPage.get_pages(fp, pagenos,\n  File ""/Users/antonhesse/opt/anaconda3/lib/python3.8/site-packages/pdfminer/pdfpage.py"", line 122, in get_pages\n    doc = PDFDocument(parser, password=password, caching=caching)\n  File ""/Users/antonhesse/opt/anaconda3/lib/python3.8/site-packages/pdfminer/pdfdocument.py"", line 583, in __init__\n    raise PDFSyntaxError(\'No /Root object! - Is this really a PDF?\')\npdfminer.pdfparser.PDFSyntaxError: No /Root object! - Is this really a PDF?\n'"
data/cpet_articles/pdfs/springer_non_oa_pdfs/bf03324252.pdf,"b'Traceback (most recent call last):\n  File ""/Users/antonhesse/opt/anaconda3/bin/pdf2txt.py"", line 115, in <module>\n    if __name__ == \'__main__\': sys.exit(main(sys.argv))\n  File ""/Users/antonhesse/opt/anaconda3/bin/pdf2txt.py"", line 106, in main\n    for page in PDFPage.get_pages(fp, pagenos,\n  File ""/Users/antonhesse/opt/anaconda3/lib/python3.8/site-packages/pdfminer/pdfpage.py"", line 122, in get_pages\n    doc = PDFDocument(parser, password=password, caching=caching)\n  File ""/Users/antonhesse/opt/anaconda3/lib/python3.8/site-packages/pdfminer/pdfdocument.py"", line 583, in __init__\n    raise PDFSyntaxError(\'No /Root object! - Is this really a PDF?\')\npdfminer.pdfparser.PDFSyntaxError: No /Root object! - Is this really a PDF?\n'"
data/cpet_articles/pdfs/springer_non_oa_pdfs/s001010100142.pdf,"b'Traceback (most recent call last):\n  File ""/Users/antonhesse/opt/anaconda3/bin/pdf2txt.py"", line 115, in <module>\n    if __name__ == \'__main__\': sys.exit(main(sys.argv))\n  File ""/Users/antonhesse/opt/anaconda3/bin/pdf2txt.py"", line 106, in main\n    for page in PDFPage.get_pages(fp, pagenos,\n  File ""/Users/antonhesse/opt/anaconda3/lib/python3.8/site-packages/pdfminer/pdfpage.py"", line 122, in get_pages\n    doc = PDFDocument(parser, password=password, caching=caching)\n  File ""/Users/antonhesse/opt/anaconda3/lib/python3.8/site-packages/pdfminer/pdfdocument.py"", line 583, in __init__\n    raise PDFSyntaxError(\'No /Root object! - Is this really a PDF?\')\npdfminer.pdfparser.PDFSyntaxError: No /Root object! - Is this really a PDF?\n'"
data/cpet_articles/pdfs/springer_non_oa_pdfs/bf01658500.pdf,"b'Traceback (most recent call last):\n  File ""/Users/antonhesse/opt/anaconda3/bin/pdf2txt.py"", line 115, in <module>\n    if __name__ == \'__main__\': sys.exit(main(sys.argv))\n  File ""/Users/antonhesse/opt/anaconda3/bin/pdf2txt.py"", line 106, in main\n    for page in PDFPage.get_pages(fp, pagenos,\n  File ""/Users/antonhesse/opt/anaconda3/lib/python3.8/site-packages/pdfminer/pdfpage.py"", line 122, in get_pages\n    doc = PDFDocument(parser, password=password, caching=caching)\n  File ""/Users/antonhesse/opt/anaconda3/lib/python3.8/site-packages/pdfminer/pdfdocument.py"", line 583, in __init__\n    raise PDFSyntaxError(\'No /Root object! - Is this really a PDF?\')\npdfminer.pdfparser.PDFSyntaxError: No /Root object! - Is this really a PDF?\n'"
data/cpet_articles/pdfs/springer_non_oa_pdfs/bf03179113.pdf,"b'Traceback (most recent call last):\n  File ""/Users/antonhesse/opt/anaconda3/bin/pdf2txt.py"", line 115, in <module>\n    if __name__ == \'__main__\': sys.exit(main(sys.argv))\n  File ""/Users/antonhesse/opt/anaconda3/bin/pdf2txt.py"", line 106, in main\n    for page in PDFPage.get_pages(fp, pagenos,\n  File ""/Users/antonhesse/opt/anaconda3/lib/python3.8/site-packages/pdfminer/pdfpage.py"", line 122, in get_pages\n    doc = PDFDocument(parser, password=password, caching=caching)\n  File ""/Users/antonhesse/opt/anaconda3/lib/python3.8/site-packages/pdfminer/pdfdocument.py"", line 583, in __init__\n    raise PDFSyntaxError(\'No /Root object! - Is this really a PDF?\')\npdfminer.pdfparser.PDFSyntaxError: No /Root object! - Is this really a PDF?\n'"
data/cpet_articles/pdfs/springer_non_oa_pdfs/bf00640648.pdf,"b'Traceback (most recent call last):\n  File ""/Users/antonhesse/opt/anaconda3/bin/pdf2txt.py"", line 115, in <module>\n    if __name__ == \'__main__\': sys.exit(main(sys.argv))\n  File ""/Users/antonhesse/opt/anaconda3/bin/pdf2txt.py"", line 106, in main\n    for page in PDFPage.get_pages(fp, pagenos,\n  File ""/Users/antonhesse/opt/anaconda3/lib/python3.8/site-packages/pdfminer/pdfpage.py"", line 122, in get_pages\n    doc = PDFDocument(parser, password=password, caching=caching)\n  File ""/Users/antonhesse/opt/anaconda3/lib/python3.8/site-packages/pdfminer/pdfdocument.py"", line 583, in __init__\n    raise PDFSyntaxError(\'No /Root object! - Is this really a PDF?\')\npdfminer.pdfparser.PDFSyntaxError: No /Root object! - Is this really a PDF?\n'"
data/cpet_articles/pdfs/springer_non_oa_pdfs/s40292-017-0180-9.pdf,"b'Traceback (most recent call last):\n  File ""/Users/antonhesse/opt/anaconda3/bin/pdf2txt.py"", line 115, in <module>\n    if __name__ == \'__main__\': sys.exit(main(sys.argv))\n  File ""/Users/antonhesse/opt/anaconda3/bin/pdf2txt.py"", line 106, in main\n    for page in PDFPage.get_pages(fp, pagenos,\n  File ""/Users/antonhesse/opt/anaconda3/lib/python3.8/site-packages/pdfminer/pdfpage.py"", line 122, in get_pages\n    doc = PDFDocument(parser, password=password, caching=caching)\n  File ""/Users/antonhesse/opt/anaconda3/lib/python3.8/site-packages/pdfminer/pdfdocument.py"", line 583, in __init__\n    raise PDFSyntaxError(\'No /Root object! - Is this really a PDF?\')\npdfminer.pdfparser.PDFSyntaxError: No /Root object! - Is this really a PDF?\n'"
data/cpet_articles/pdfs/springer_non_oa_pdfs/bf01905944.pdf,"b'Traceback (most recent call last):\n  File ""/Users/antonhesse/opt/anaconda3/bin/pdf2txt.py"", line 115, in <module>\n    if __name__ == \'__main__\': sys.exit(main(sys.argv))\n  File ""/Users/antonhesse/opt/anaconda3/bin/pdf2txt.py"", line 106, in main\n    for page in PDFPage.get_pages(fp, pagenos,\n  File ""/Users/antonhesse/opt/anaconda3/lib/python3.8/site-packages/pdfminer/pdfpage.py"", line 122, in get_pages\n    doc = PDFDocument(parser, password=password, caching=caching)\n  File ""/Users/antonhesse/opt/anaconda3/lib/python3.8/site-packages/pdfminer/pdfdocument.py"", line 583, in __init__\n    raise PDFSyntaxError(\'No /Root object! - Is this really a PDF?\')\npdfminer.pdfparser.PDFSyntaxError: No /Root object! - Is this really a PDF?\n'"
data/cpet_articles/pdfs/springer_non_oa_pdfs/00044011-199612030-00003.pdf,"b'Traceback (most recent call last):\n  File ""/Users/antonhesse/opt/anaconda3/bin/pdf2txt.py"", line 115, in <module>\n    if __name__ == \'__main__\': sys.exit(main(sys.argv))\n  File ""/Users/antonhesse/opt/anaconda3/bin/pdf2txt.py"", line 106, in main\n    for page in PDFPage.get_pages(fp, pagenos,\n  File ""/Users/antonhesse/opt/anaconda3/lib/python3.8/site-packages/pdfminer/pdfpage.py"", line 122, in get_pages\n    doc = PDFDocument(parser, password=password, caching=caching)\n  File ""/Users/antonhesse/opt/anaconda3/lib/python3.8/site-packages/pdfminer/pdfdocument.py"", line 583, in __init__\n    raise PDFSyntaxError(\'No /Root object! - Is this really a PDF?\')\npdfminer.pdfparser.PDFSyntaxError: No /Root object! - Is this really a PDF?\n'"
data/cpet_articles/pdfs/springer_non_oa_pdfs/s004210000229.pdf,"b'Traceback (most recent call last):\n  File ""/Users/antonhesse/opt/anaconda3/bin/pdf2txt.py"", line 115, in <module>\n    if __name__ == \'__main__\': sys.exit(main(sys.argv))\n  File ""/Users/antonhesse/opt/anaconda3/bin/pdf2txt.py"", line 106, in main\n    for page in PDFPage.get_pages(fp, pagenos,\n  File ""/Users/antonhesse/opt/anaconda3/lib/python3.8/site-packages/pdfminer/pdfpage.py"", line 122, in get_pages\n    doc = PDFDocument(parser, password=password, caching=caching)\n  File ""/Users/antonhesse/opt/anaconda3/lib/python3.8/site-packages/pdfminer/pdfdocument.py"", line 583, in __init__\n    raise PDFSyntaxError(\'No /Root object! - Is this really a PDF?\')\npdfminer.pdfparser.PDFSyntaxError: No /Root object! - Is this really a PDF?\n'"
data/cpet_articles/pdfs/springer_non_oa_pdfs/s00421-011-2004-2.pdf,"b'Traceback (most recent call last):\n  File ""/Users/antonhesse/opt/anaconda3/bin/pdf2txt.py"", line 115, in <module>\n    if __name__ == \'__main__\': sys.exit(main(sys.argv))\n  File ""/Users/antonhesse/opt/anaconda3/bin/pdf2txt.py"", line 106, in main\n    for page in PDFPage.get_pages(fp, pagenos,\n  File ""/Users/antonhesse/opt/anaconda3/lib/python3.8/site-packages/pdfminer/pdfpage.py"", line 122, in get_pages\n    doc = PDFDocument(parser, password=password, caching=caching)\n  File ""/Users/antonhesse/opt/anaconda3/lib/python3.8/site-packages/pdfminer/pdfdocument.py"", line 583, in __init__\n    raise PDFSyntaxError(\'No /Root object! - Is this really a PDF?\')\npdfminer.pdfparser.PDFSyntaxError: No /Root object! - Is this really a PDF?\n'"
data/cpet_articles/pdfs/springer_non_oa_pdfs/bf00424813.pdf,"b'Traceback (most recent call last):\n  File ""/Users/antonhesse/opt/anaconda3/bin/pdf2txt.py"", line 115, in <module>\n    if __name__ == \'__main__\': sys.exit(main(sys.argv))\n  File ""/Users/antonhesse/opt/anaconda3/bin/pdf2txt.py"", line 106, in main\n    for page in PDFPage.get_pages(fp, pagenos,\n  File ""/Users/antonhesse/opt/anaconda3/lib/python3.8/site-packages/pdfminer/pdfpage.py"", line 122, in get_pages\n    doc = PDFDocument(parser, password=password, caching=caching)\n  File ""/Users/antonhesse/opt/anaconda3/lib/python3.8/site-packages/pdfminer/pdfdocument.py"", line 583, in __init__\n    raise PDFSyntaxError(\'No /Root object! - Is this really a PDF?\')\npdfminer.pdfparser.PDFSyntaxError: No /Root object! - Is this really a PDF?\n'"
data/cpet_articles/pdfs/springer_non_oa_pdfs/bf00421837.pdf,"b'Traceback (most recent call last):\n  File ""/Users/antonhesse/opt/anaconda3/bin/pdf2txt.py"", line 115, in <module>\n    if __name__ == \'__main__\': sys.exit(main(sys.argv))\n  File ""/Users/antonhesse/opt/anaconda3/bin/pdf2txt.py"", line 106, in main\n    for page in PDFPage.get_pages(fp, pagenos,\n  File ""/Users/antonhesse/opt/anaconda3/lib/python3.8/site-packages/pdfminer/pdfpage.py"", line 122, in get_pages\n    doc = PDFDocument(parser, password=password, caching=caching)\n  File ""/Users/antonhesse/opt/anaconda3/lib/python3.8/site-packages/pdfminer/pdfdocument.py"", line 583, in __init__\n    raise PDFSyntaxError(\'No /Root object! - Is this really a PDF?\')\npdfminer.pdfparser.PDFSyntaxError: No /Root object! - Is this really a PDF?\n'"
data/cpet_articles/pdfs/springer_non_oa_pdfs/s00421-004-1203-5.pdf,"b'Traceback (most recent call last):\n  File ""/Users/antonhesse/opt/anaconda3/bin/pdf2txt.py"", line 115, in <module>\n    if __name__ == \'__main__\': sys.exit(main(sys.argv))\n  File ""/Users/antonhesse/opt/anaconda3/bin/pdf2txt.py"", line 106, in main\n    for page in PDFPage.get_pages(fp, pagenos,\n  File ""/Users/antonhesse/opt/anaconda3/lib/python3.8/site-packages/pdfminer/pdfpage.py"", line 122, in get_pages\n    doc = PDFDocument(parser, password=password, caching=caching)\n  File ""/Users/antonhesse/opt/anaconda3/lib/python3.8/site-packages/pdfminer/pdfdocument.py"", line 583, in __init__\n    raise PDFSyntaxError(\'No /Root object! - Is this really a PDF?\')\npdfminer.pdfparser.PDFSyntaxError: No /Root object! - Is this really a PDF?\n'"
data/cpet_articles/pdfs/springer_non_oa_pdfs/bf00426142.pdf,"b'Traceback (most recent call last):\n  File ""/Users/antonhesse/opt/anaconda3/bin/pdf2txt.py"", line 115, in <module>\n    if __name__ == \'__main__\': sys.exit(main(sys.argv))\n  File ""/Users/antonhesse/opt/anaconda3/bin/pdf2txt.py"", line 106, in main\n    for page in PDFPage.get_pages(fp, pagenos,\n  File ""/Users/antonhesse/opt/anaconda3/lib/python3.8/site-packages/pdfminer/pdfpage.py"", line 122, in get_pages\n    doc = PDFDocument(parser, password=password, caching=caching)\n  File ""/Users/antonhesse/opt/anaconda3/lib/python3.8/site-packages/pdfminer/pdfdocument.py"", line 583, in __init__\n    raise PDFSyntaxError(\'No /Root object! - Is this really a PDF?\')\npdfminer.pdfparser.PDFSyntaxError: No /Root object! - Is this really a PDF?\n'"
data/cpet_articles/pdfs/springer_non_oa_pdfs/bf00362598.pdf,"b'Traceback (most recent call last):\n  File ""/Users/antonhesse/opt/anaconda3/bin/pdf2txt.py"", line 115, in <module>\n    if __name__ == \'__main__\': sys.exit(main(sys.argv))\n  File ""/Users/antonhesse/opt/anaconda3/bin/pdf2txt.py"", line 106, in main\n    for page in PDFPage.get_pages(fp, pagenos,\n  File ""/Users/antonhesse/opt/anaconda3/lib/python3.8/site-packages/pdfminer/pdfpage.py"", line 122, in get_pages\n    doc = PDFDocument(parser, password=password, caching=caching)\n  File ""/Users/antonhesse/opt/anaconda3/lib/python3.8/site-packages/pdfminer/pdfdocument.py"", line 583, in __init__\n    raise PDFSyntaxError(\'No /Root object! - Is this really a PDF?\')\npdfminer.pdfparser.PDFSyntaxError: No /Root object! - Is this really a PDF?\n'"
data/cpet_articles/pdfs/springer_non_oa_pdfs/bf02950792.pdf,"b'Traceback (most recent call last):\n  File ""/Users/antonhesse/opt/anaconda3/bin/pdf2txt.py"", line 115, in <module>\n    if __name__ == \'__main__\': sys.exit(main(sys.argv))\n  File ""/Users/antonhesse/opt/anaconda3/bin/pdf2txt.py"", line 106, in main\n    for page in PDFPage.get_pages(fp, pagenos,\n  File ""/Users/antonhesse/opt/anaconda3/lib/python3.8/site-packages/pdfminer/pdfpage.py"", line 122, in get_pages\n    doc = PDFDocument(parser, password=password, caching=caching)\n  File ""/Users/antonhesse/opt/anaconda3/lib/python3.8/site-packages/pdfminer/pdfdocument.py"", line 583, in __init__\n    raise PDFSyntaxError(\'No /Root object! - Is this really a PDF?\')\npdfminer.pdfparser.PDFSyntaxError: No /Root object! - Is this really a PDF?\n'"
data/cpet_articles/pdfs/springer_non_oa_pdfs/bf00421172.pdf,"b'Traceback (most recent call last):\n  File ""/Users/antonhesse/opt/anaconda3/bin/pdf2txt.py"", line 115, in <module>\n    if __name__ == \'__main__\': sys.exit(main(sys.argv))\n  File ""/Users/antonhesse/opt/anaconda3/bin/pdf2txt.py"", line 106, in main\n    for page in PDFPage.get_pages(fp, pagenos,\n  File ""/Users/antonhesse/opt/anaconda3/lib/python3.8/site-packages/pdfminer/pdfpage.py"", line 122, in get_pages\n    doc = PDFDocument(parser, password=password, caching=caching)\n  File ""/Users/antonhesse/opt/anaconda3/lib/python3.8/site-packages/pdfminer/pdfdocument.py"", line 583, in __init__\n    raise PDFSyntaxError(\'No /Root object! - Is this really a PDF?\')\npdfminer.pdfparser.PDFSyntaxError: No /Root object! - Is this really a PDF?\n'"
data/cpet_articles/pdfs/springer_non_oa_pdfs/bf01909764.pdf,"b'Traceback (most recent call last):\n  File ""/Users/antonhesse/opt/anaconda3/bin/pdf2txt.py"", line 115, in <module>\n    if __name__ == \'__main__\': sys.exit(main(sys.argv))\n  File ""/Users/antonhesse/opt/anaconda3/bin/pdf2txt.py"", line 106, in main\n    for page in PDFPage.get_pages(fp, pagenos,\n  File ""/Users/antonhesse/opt/anaconda3/lib/python3.8/site-packages/pdfminer/pdfpage.py"", line 122, in get_pages\n    doc = PDFDocument(parser, password=password, caching=caching)\n  File ""/Users/antonhesse/opt/anaconda3/lib/python3.8/site-packages/pdfminer/pdfdocument.py"", line 583, in __init__\n    raise PDFSyntaxError(\'No /Root object! - Is this really a PDF?\')\npdfminer.pdfparser.PDFSyntaxError: No /Root object! - Is this really a PDF?\n'"
data/cpet_articles/pdfs/springer_non_oa_pdfs/bf03324305.pdf,"b'Traceback (most recent call last):\n  File ""/Users/antonhesse/opt/anaconda3/bin/pdf2txt.py"", line 115, in <module>\n    if __name__ == \'__main__\': sys.exit(main(sys.argv))\n  File ""/Users/antonhesse/opt/anaconda3/bin/pdf2txt.py"", line 106, in main\n    for page in PDFPage.get_pages(fp, pagenos,\n  File ""/Users/antonhesse/opt/anaconda3/lib/python3.8/site-packages/pdfminer/pdfpage.py"", line 122, in get_pages\n    doc = PDFDocument(parser, password=password, caching=caching)\n  File ""/Users/antonhesse/opt/anaconda3/lib/python3.8/site-packages/pdfminer/pdfdocument.py"", line 583, in __init__\n    raise PDFSyntaxError(\'No /Root object! - Is this really a PDF?\')\npdfminer.pdfparser.PDFSyntaxError: No /Root object! - Is this really a PDF?\n'"
data/cpet_articles/pdfs/springer_non_oa_pdfs/bf00417775.pdf,"b'Traceback (most recent call last):\n  File ""/Users/antonhesse/opt/anaconda3/bin/pdf2txt.py"", line 115, in <module>\n    if __name__ == \'__main__\': sys.exit(main(sys.argv))\n  File ""/Users/antonhesse/opt/anaconda3/bin/pdf2txt.py"", line 106, in main\n    for page in PDFPage.get_pages(fp, pagenos,\n  File ""/Users/antonhesse/opt/anaconda3/lib/python3.8/site-packages/pdfminer/pdfpage.py"", line 122, in get_pages\n    doc = PDFDocument(parser, password=password, caching=caching)\n  File ""/Users/antonhesse/opt/anaconda3/lib/python3.8/site-packages/pdfminer/pdfdocument.py"", line 583, in __init__\n    raise PDFSyntaxError(\'No /Root object! - Is this really a PDF?\')\npdfminer.pdfparser.PDFSyntaxError: No /Root object! - Is this really a PDF?\n'"
data/cpet_articles/pdfs/springer_non_oa_pdfs/s00421-003-0853-z.pdf,"b'Traceback (most recent call last):\n  File ""/Users/antonhesse/opt/anaconda3/bin/pdf2txt.py"", line 115, in <module>\n    if __name__ == \'__main__\': sys.exit(main(sys.argv))\n  File ""/Users/antonhesse/opt/anaconda3/bin/pdf2txt.py"", line 106, in main\n    for page in PDFPage.get_pages(fp, pagenos,\n  File ""/Users/antonhesse/opt/anaconda3/lib/python3.8/site-packages/pdfminer/pdfpage.py"", line 122, in get_pages\n    doc = PDFDocument(parser, password=password, caching=caching)\n  File ""/Users/antonhesse/opt/anaconda3/lib/python3.8/site-packages/pdfminer/pdfdocument.py"", line 583, in __init__\n    raise PDFSyntaxError(\'No /Root object! - Is this really a PDF?\')\npdfminer.pdfparser.PDFSyntaxError: No /Root object! - Is this really a PDF?\n'"
data/cpet_articles/pdfs/springer_non_oa_pdfs/bf02829870.pdf,"b'Traceback (most recent call last):\n  File ""/Users/antonhesse/opt/anaconda3/bin/pdf2txt.py"", line 115, in <module>\n    if __name__ == \'__main__\': sys.exit(main(sys.argv))\n  File ""/Users/antonhesse/opt/anaconda3/bin/pdf2txt.py"", line 106, in main\n    for page in PDFPage.get_pages(fp, pagenos,\n  File ""/Users/antonhesse/opt/anaconda3/lib/python3.8/site-packages/pdfminer/pdfpage.py"", line 122, in get_pages\n    doc = PDFDocument(parser, password=password, caching=caching)\n  File ""/Users/antonhesse/opt/anaconda3/lib/python3.8/site-packages/pdfminer/pdfdocument.py"", line 583, in __init__\n    raise PDFSyntaxError(\'No /Root object! - Is this really a PDF?\')\npdfminer.pdfparser.PDFSyntaxError: No /Root object! - Is this really a PDF?\n'"
data/cpet_articles/pdfs/springer_non_oa_pdfs/s12020-018-1689-y.pdf,"b'Traceback (most recent call last):\n  File ""/Users/antonhesse/opt/anaconda3/bin/pdf2txt.py"", line 115, in <module>\n    if __name__ == \'__main__\': sys.exit(main(sys.argv))\n  File ""/Users/antonhesse/opt/anaconda3/bin/pdf2txt.py"", line 106, in main\n    for page in PDFPage.get_pages(fp, pagenos,\n  File ""/Users/antonhesse/opt/anaconda3/lib/python3.8/site-packages/pdfminer/pdfpage.py"", line 122, in get_pages\n    doc = PDFDocument(parser, password=password, caching=caching)\n  File ""/Users/antonhesse/opt/anaconda3/lib/python3.8/site-packages/pdfminer/pdfdocument.py"", line 583, in __init__\n    raise PDFSyntaxError(\'No /Root object! - Is this really a PDF?\')\npdfminer.pdfparser.PDFSyntaxError: No /Root object! - Is this really a PDF?\n'"
data/cpet_articles/pdfs/springer_non_oa_pdfs/s1071-3581(03)00659-7.pdf,"b""/bin/sh: -c: line 0: syntax error near unexpected token `('\n/bin/sh: -c: line 0: `pdf2txt.py -o data/cpet_articles/pdfs/springer_non_oa_pdfs/s1071-3581(03)00659-7.txt data/cpet_articles/pdfs/springer_non_oa_pdfs/s1071-3581(03)00659-7.pdf'\n"""
data/cpet_articles/pdfs/springer_non_oa_pdfs/bf01540472.pdf,"b'Traceback (most recent call last):\n  File ""/Users/antonhesse/opt/anaconda3/bin/pdf2txt.py"", line 115, in <module>\n    if __name__ == \'__main__\': sys.exit(main(sys.argv))\n  File ""/Users/antonhesse/opt/anaconda3/bin/pdf2txt.py"", line 106, in main\n    for page in PDFPage.get_pages(fp, pagenos,\n  File ""/Users/antonhesse/opt/anaconda3/lib/python3.8/site-packages/pdfminer/pdfpage.py"", line 122, in get_pages\n    doc = PDFDocument(parser, password=password, caching=caching)\n  File ""/Users/antonhesse/opt/anaconda3/lib/python3.8/site-packages/pdfminer/pdfdocument.py"", line 583, in __init__\n    raise PDFSyntaxError(\'No /Root object! - Is this really a PDF?\')\npdfminer.pdfparser.PDFSyntaxError: No /Root object! - Is this really a PDF?\n'"
data/cpet_articles/pdfs/springer_non_oa_pdfs/s004210050586.pdf,"b'Traceback (most recent call last):\n  File ""/Users/antonhesse/opt/anaconda3/bin/pdf2txt.py"", line 115, in <module>\n    if __name__ == \'__main__\': sys.exit(main(sys.argv))\n  File ""/Users/antonhesse/opt/anaconda3/bin/pdf2txt.py"", line 106, in main\n    for page in PDFPage.get_pages(fp, pagenos,\n  File ""/Users/antonhesse/opt/anaconda3/lib/python3.8/site-packages/pdfminer/pdfpage.py"", line 122, in get_pages\n    doc = PDFDocument(parser, password=password, caching=caching)\n  File ""/Users/antonhesse/opt/anaconda3/lib/python3.8/site-packages/pdfminer/pdfdocument.py"", line 583, in __init__\n    raise PDFSyntaxError(\'No /Root object! - Is this really a PDF?\')\npdfminer.pdfparser.PDFSyntaxError: No /Root object! - Is this really a PDF?\n'"
data/cpet_articles/pdfs/springer_non_oa_pdfs/s00421-008-0934-0.pdf,"b'Traceback (most recent call last):\n  File ""/Users/antonhesse/opt/anaconda3/bin/pdf2txt.py"", line 115, in <module>\n    if __name__ == \'__main__\': sys.exit(main(sys.argv))\n  File ""/Users/antonhesse/opt/anaconda3/bin/pdf2txt.py"", line 106, in main\n    for page in PDFPage.get_pages(fp, pagenos,\n  File ""/Users/antonhesse/opt/anaconda3/lib/python3.8/site-packages/pdfminer/pdfpage.py"", line 122, in get_pages\n    doc = PDFDocument(parser, password=password, caching=caching)\n  File ""/Users/antonhesse/opt/anaconda3/lib/python3.8/site-packages/pdfminer/pdfdocument.py"", line 583, in __init__\n    raise PDFSyntaxError(\'No /Root object! - Is this really a PDF?\')\npdfminer.pdfparser.PDFSyntaxError: No /Root object! - Is this really a PDF?\n'"
data/cpet_articles/pdfs/springer_non_oa_pdfs/1933719109332091.pdf,"b'Traceback (most recent call last):\n  File ""/Users/antonhesse/opt/anaconda3/bin/pdf2txt.py"", line 115, in <module>\n    if __name__ == \'__main__\': sys.exit(main(sys.argv))\n  File ""/Users/antonhesse/opt/anaconda3/bin/pdf2txt.py"", line 106, in main\n    for page in PDFPage.get_pages(fp, pagenos,\n  File ""/Users/antonhesse/opt/anaconda3/lib/python3.8/site-packages/pdfminer/pdfpage.py"", line 122, in get_pages\n    doc = PDFDocument(parser, password=password, caching=caching)\n  File ""/Users/antonhesse/opt/anaconda3/lib/python3.8/site-packages/pdfminer/pdfdocument.py"", line 583, in __init__\n    raise PDFSyntaxError(\'No /Root object! - Is this really a PDF?\')\npdfminer.pdfparser.PDFSyntaxError: No /Root object! - Is this really a PDF?\n'"
data/cpet_articles/pdfs/springer_non_oa_pdfs/bf01488155.pdf,"b'Traceback (most recent call last):\n  File ""/Users/antonhesse/opt/anaconda3/bin/pdf2txt.py"", line 115, in <module>\n    if __name__ == \'__main__\': sys.exit(main(sys.argv))\n  File ""/Users/antonhesse/opt/anaconda3/bin/pdf2txt.py"", line 106, in main\n    for page in PDFPage.get_pages(fp, pagenos,\n  File ""/Users/antonhesse/opt/anaconda3/lib/python3.8/site-packages/pdfminer/pdfpage.py"", line 122, in get_pages\n    doc = PDFDocument(parser, password=password, caching=caching)\n  File ""/Users/antonhesse/opt/anaconda3/lib/python3.8/site-packages/pdfminer/pdfdocument.py"", line 583, in __init__\n    raise PDFSyntaxError(\'No /Root object! - Is this really a PDF?\')\npdfminer.pdfparser.PDFSyntaxError: No /Root object! - Is this really a PDF?\n'"
data/cpet_articles/pdfs/springer_non_oa_pdfs/bf03179579.pdf,"b'Traceback (most recent call last):\n  File ""/Users/antonhesse/opt/anaconda3/bin/pdf2txt.py"", line 115, in <module>\n    if __name__ == \'__main__\': sys.exit(main(sys.argv))\n  File ""/Users/antonhesse/opt/anaconda3/bin/pdf2txt.py"", line 106, in main\n    for page in PDFPage.get_pages(fp, pagenos,\n  File ""/Users/antonhesse/opt/anaconda3/lib/python3.8/site-packages/pdfminer/pdfpage.py"", line 122, in get_pages\n    doc = PDFDocument(parser, password=password, caching=caching)\n  File ""/Users/antonhesse/opt/anaconda3/lib/python3.8/site-packages/pdfminer/pdfdocument.py"", line 583, in __init__\n    raise PDFSyntaxError(\'No /Root object! - Is this really a PDF?\')\npdfminer.pdfparser.PDFSyntaxError: No /Root object! - Is this really a PDF?\n'"
data/cpet_articles/pdfs/springer_non_oa_pdfs/s42835-021-00847-w.pdf,"b'Traceback (most recent call last):\n  File ""/Users/antonhesse/opt/anaconda3/bin/pdf2txt.py"", line 115, in <module>\n    if __name__ == \'__main__\': sys.exit(main(sys.argv))\n  File ""/Users/antonhesse/opt/anaconda3/bin/pdf2txt.py"", line 106, in main\n    for page in PDFPage.get_pages(fp, pagenos,\n  File ""/Users/antonhesse/opt/anaconda3/lib/python3.8/site-packages/pdfminer/pdfpage.py"", line 122, in get_pages\n    doc = PDFDocument(parser, password=password, caching=caching)\n  File ""/Users/antonhesse/opt/anaconda3/lib/python3.8/site-packages/pdfminer/pdfdocument.py"", line 583, in __init__\n    raise PDFSyntaxError(\'No /Root object! - Is this really a PDF?\')\npdfminer.pdfparser.PDFSyntaxError: No /Root object! - Is this really a PDF?\n'"
data/cpet_articles/pdfs/springer_non_oa_pdfs/bf00002504.pdf,"b'Traceback (most recent call last):\n  File ""/Users/antonhesse/opt/anaconda3/bin/pdf2txt.py"", line 115, in <module>\n    if __name__ == \'__main__\': sys.exit(main(sys.argv))\n  File ""/Users/antonhesse/opt/anaconda3/bin/pdf2txt.py"", line 106, in main\n    for page in PDFPage.get_pages(fp, pagenos,\n  File ""/Users/antonhesse/opt/anaconda3/lib/python3.8/site-packages/pdfminer/pdfpage.py"", line 122, in get_pages\n    doc = PDFDocument(parser, password=password, caching=caching)\n  File ""/Users/antonhesse/opt/anaconda3/lib/python3.8/site-packages/pdfminer/pdfdocument.py"", line 583, in __init__\n    raise PDFSyntaxError(\'No /Root object! - Is this really a PDF?\')\npdfminer.pdfparser.PDFSyntaxError: No /Root object! - Is this really a PDF?\n'"
data/cpet_articles/pdfs/springer_non_oa_pdfs/bf00430224.pdf,"b'Traceback (most recent call last):\n  File ""/Users/antonhesse/opt/anaconda3/bin/pdf2txt.py"", line 115, in <module>\n    if __name__ == \'__main__\': sys.exit(main(sys.argv))\n  File ""/Users/antonhesse/opt/anaconda3/bin/pdf2txt.py"", line 106, in main\n    for page in PDFPage.get_pages(fp, pagenos,\n  File ""/Users/antonhesse/opt/anaconda3/lib/python3.8/site-packages/pdfminer/pdfpage.py"", line 122, in get_pages\n    doc = PDFDocument(parser, password=password, caching=caching)\n  File ""/Users/antonhesse/opt/anaconda3/lib/python3.8/site-packages/pdfminer/pdfdocument.py"", line 583, in __init__\n    raise PDFSyntaxError(\'No /Root object! - Is this really a PDF?\')\npdfminer.pdfparser.PDFSyntaxError: No /Root object! - Is this really a PDF?\n'"
data/cpet_articles/pdfs/springer_non_oa_pdfs/s10059-009-0071-6.pdf,"b'Traceback (most recent call last):\n  File ""/Users/antonhesse/opt/anaconda3/bin/pdf2txt.py"", line 115, in <module>\n    if __name__ == \'__main__\': sys.exit(main(sys.argv))\n  File ""/Users/antonhesse/opt/anaconda3/bin/pdf2txt.py"", line 106, in main\n    for page in PDFPage.get_pages(fp, pagenos,\n  File ""/Users/antonhesse/opt/anaconda3/lib/python3.8/site-packages/pdfminer/pdfpage.py"", line 122, in get_pages\n    doc = PDFDocument(parser, password=password, caching=caching)\n  File ""/Users/antonhesse/opt/anaconda3/lib/python3.8/site-packages/pdfminer/pdfdocument.py"", line 583, in __init__\n    raise PDFSyntaxError(\'No /Root object! - Is this really a PDF?\')\npdfminer.pdfparser.PDFSyntaxError: No /Root object! - Is this really a PDF?\n'"
data/cpet_articles/pdfs/springer_non_oa_pdfs/s00421-010-1376-z.pdf,"b'Traceback (most recent call last):\n  File ""/Users/antonhesse/opt/anaconda3/bin/pdf2txt.py"", line 115, in <module>\n    if __name__ == \'__main__\': sys.exit(main(sys.argv))\n  File ""/Users/antonhesse/opt/anaconda3/bin/pdf2txt.py"", line 106, in main\n    for page in PDFPage.get_pages(fp, pagenos,\n  File ""/Users/antonhesse/opt/anaconda3/lib/python3.8/site-packages/pdfminer/pdfpage.py"", line 122, in get_pages\n    doc = PDFDocument(parser, password=password, caching=caching)\n  File ""/Users/antonhesse/opt/anaconda3/lib/python3.8/site-packages/pdfminer/pdfdocument.py"", line 583, in __init__\n    raise PDFSyntaxError(\'No /Root object! - Is this really a PDF?\')\npdfminer.pdfparser.PDFSyntaxError: No /Root object! - Is this really a PDF?\n'"
data/cpet_articles/pdfs/springer_non_oa_pdfs/s00421-005-0081-9.pdf,"b'Traceback (most recent call last):\n  File ""/Users/antonhesse/opt/anaconda3/bin/pdf2txt.py"", line 115, in <module>\n    if __name__ == \'__main__\': sys.exit(main(sys.argv))\n  File ""/Users/antonhesse/opt/anaconda3/bin/pdf2txt.py"", line 106, in main\n    for page in PDFPage.get_pages(fp, pagenos,\n  File ""/Users/antonhesse/opt/anaconda3/lib/python3.8/site-packages/pdfminer/pdfpage.py"", line 122, in get_pages\n    doc = PDFDocument(parser, password=password, caching=caching)\n  File ""/Users/antonhesse/opt/anaconda3/lib/python3.8/site-packages/pdfminer/pdfdocument.py"", line 583, in __init__\n    raise PDFSyntaxError(\'No /Root object! - Is this really a PDF?\')\npdfminer.pdfparser.PDFSyntaxError: No /Root object! - Is this really a PDF?\n'"
data/cpet_articles/pdfs/springer_non_oa_pdfs/bf00426295.pdf,"b'Traceback (most recent call last):\n  File ""/Users/antonhesse/opt/anaconda3/bin/pdf2txt.py"", line 115, in <module>\n    if __name__ == \'__main__\': sys.exit(main(sys.argv))\n  File ""/Users/antonhesse/opt/anaconda3/bin/pdf2txt.py"", line 106, in main\n    for page in PDFPage.get_pages(fp, pagenos,\n  File ""/Users/antonhesse/opt/anaconda3/lib/python3.8/site-packages/pdfminer/pdfpage.py"", line 122, in get_pages\n    doc = PDFDocument(parser, password=password, caching=caching)\n  File ""/Users/antonhesse/opt/anaconda3/lib/python3.8/site-packages/pdfminer/pdfdocument.py"", line 583, in __init__\n    raise PDFSyntaxError(\'No /Root object! - Is this really a PDF?\')\npdfminer.pdfparser.PDFSyntaxError: No /Root object! - Is this really a PDF?\n'"
data/cpet_articles/pdfs/springer_non_oa_pdfs/00007256-199315010-00004.pdf,"b'Traceback (most recent call last):\n  File ""/Users/antonhesse/opt/anaconda3/bin/pdf2txt.py"", line 115, in <module>\n    if __name__ == \'__main__\': sys.exit(main(sys.argv))\n  File ""/Users/antonhesse/opt/anaconda3/bin/pdf2txt.py"", line 106, in main\n    for page in PDFPage.get_pages(fp, pagenos,\n  File ""/Users/antonhesse/opt/anaconda3/lib/python3.8/site-packages/pdfminer/pdfpage.py"", line 122, in get_pages\n    doc = PDFDocument(parser, password=password, caching=caching)\n  File ""/Users/antonhesse/opt/anaconda3/lib/python3.8/site-packages/pdfminer/pdfdocument.py"", line 583, in __init__\n    raise PDFSyntaxError(\'No /Root object! - Is this really a PDF?\')\npdfminer.pdfparser.PDFSyntaxError: No /Root object! - Is this really a PDF?\n'"
data/cpet_articles/pdfs/springer_non_oa_pdfs/bf01537462.pdf,"b'Traceback (most recent call last):\n  File ""/Users/antonhesse/opt/anaconda3/bin/pdf2txt.py"", line 115, in <module>\n    if __name__ == \'__main__\': sys.exit(main(sys.argv))\n  File ""/Users/antonhesse/opt/anaconda3/bin/pdf2txt.py"", line 106, in main\n    for page in PDFPage.get_pages(fp, pagenos,\n  File ""/Users/antonhesse/opt/anaconda3/lib/python3.8/site-packages/pdfminer/pdfpage.py"", line 122, in get_pages\n    doc = PDFDocument(parser, password=password, caching=caching)\n  File ""/Users/antonhesse/opt/anaconda3/lib/python3.8/site-packages/pdfminer/pdfdocument.py"", line 583, in __init__\n    raise PDFSyntaxError(\'No /Root object! - Is this really a PDF?\')\npdfminer.pdfparser.PDFSyntaxError: No /Root object! - Is this really a PDF?\n'"
data/cpet_articles/pdfs/springer_non_oa_pdfs/bf00421699.pdf,"b'Traceback (most recent call last):\n  File ""/Users/antonhesse/opt/anaconda3/bin/pdf2txt.py"", line 115, in <module>\n    if __name__ == \'__main__\': sys.exit(main(sys.argv))\n  File ""/Users/antonhesse/opt/anaconda3/bin/pdf2txt.py"", line 106, in main\n    for page in PDFPage.get_pages(fp, pagenos,\n  File ""/Users/antonhesse/opt/anaconda3/lib/python3.8/site-packages/pdfminer/pdfpage.py"", line 122, in get_pages\n    doc = PDFDocument(parser, password=password, caching=caching)\n  File ""/Users/antonhesse/opt/anaconda3/lib/python3.8/site-packages/pdfminer/pdfdocument.py"", line 583, in __init__\n    raise PDFSyntaxError(\'No /Root object! - Is this really a PDF?\')\npdfminer.pdfparser.PDFSyntaxError: No /Root object! - Is this really a PDF?\n'"
data/cpet_articles/pdfs/springer_non_oa_pdfs/s004210050336.pdf,"b'Traceback (most recent call last):\n  File ""/Users/antonhesse/opt/anaconda3/bin/pdf2txt.py"", line 115, in <module>\n    if __name__ == \'__main__\': sys.exit(main(sys.argv))\n  File ""/Users/antonhesse/opt/anaconda3/bin/pdf2txt.py"", line 106, in main\n    for page in PDFPage.get_pages(fp, pagenos,\n  File ""/Users/antonhesse/opt/anaconda3/lib/python3.8/site-packages/pdfminer/pdfpage.py"", line 122, in get_pages\n    doc = PDFDocument(parser, password=password, caching=caching)\n  File ""/Users/antonhesse/opt/anaconda3/lib/python3.8/site-packages/pdfminer/pdfdocument.py"", line 583, in __init__\n    raise PDFSyntaxError(\'No /Root object! - Is this really a PDF?\')\npdfminer.pdfparser.PDFSyntaxError: No /Root object! - Is this really a PDF?\n'"
data/cpet_articles/pdfs/springer_non_oa_pdfs/s00421-011-2034-9.pdf,"b'Traceback (most recent call last):\n  File ""/Users/antonhesse/opt/anaconda3/bin/pdf2txt.py"", line 115, in <module>\n    if __name__ == \'__main__\': sys.exit(main(sys.argv))\n  File ""/Users/antonhesse/opt/anaconda3/bin/pdf2txt.py"", line 106, in main\n    for page in PDFPage.get_pages(fp, pagenos,\n  File ""/Users/antonhesse/opt/anaconda3/lib/python3.8/site-packages/pdfminer/pdfpage.py"", line 122, in get_pages\n    doc = PDFDocument(parser, password=password, caching=caching)\n  File ""/Users/antonhesse/opt/anaconda3/lib/python3.8/site-packages/pdfminer/pdfdocument.py"", line 583, in __init__\n    raise PDFSyntaxError(\'No /Root object! - Is this really a PDF?\')\npdfminer.pdfparser.PDFSyntaxError: No /Root object! - Is this really a PDF?\n'"
data/cpet_articles/pdfs/springer_non_oa_pdfs/s00421-003-0824-4.pdf,"b'Traceback (most recent call last):\n  File ""/Users/antonhesse/opt/anaconda3/bin/pdf2txt.py"", line 115, in <module>\n    if __name__ == \'__main__\': sys.exit(main(sys.argv))\n  File ""/Users/antonhesse/opt/anaconda3/bin/pdf2txt.py"", line 106, in main\n    for page in PDFPage.get_pages(fp, pagenos,\n  File ""/Users/antonhesse/opt/anaconda3/lib/python3.8/site-packages/pdfminer/pdfpage.py"", line 122, in get_pages\n    doc = PDFDocument(parser, password=password, caching=caching)\n  File ""/Users/antonhesse/opt/anaconda3/lib/python3.8/site-packages/pdfminer/pdfdocument.py"", line 583, in __init__\n    raise PDFSyntaxError(\'No /Root object! - Is this really a PDF?\')\npdfminer.pdfparser.PDFSyntaxError: No /Root object! - Is this really a PDF?\n'"
data/cpet_articles/pdfs/springer_non_oa_pdfs/s004210050120.pdf,"b'Traceback (most recent call last):\n  File ""/Users/antonhesse/opt/anaconda3/bin/pdf2txt.py"", line 115, in <module>\n    if __name__ == \'__main__\': sys.exit(main(sys.argv))\n  File ""/Users/antonhesse/opt/anaconda3/bin/pdf2txt.py"", line 106, in main\n    for page in PDFPage.get_pages(fp, pagenos,\n  File ""/Users/antonhesse/opt/anaconda3/lib/python3.8/site-packages/pdfminer/pdfpage.py"", line 122, in get_pages\n    doc = PDFDocument(parser, password=password, caching=caching)\n  File ""/Users/antonhesse/opt/anaconda3/lib/python3.8/site-packages/pdfminer/pdfdocument.py"", line 583, in __init__\n    raise PDFSyntaxError(\'No /Root object! - Is this really a PDF?\')\npdfminer.pdfparser.PDFSyntaxError: No /Root object! - Is this really a PDF?\n'"
data/cpet_articles/pdfs/springer_non_oa_pdfs/bf00392036.pdf,"b'Traceback (most recent call last):\n  File ""/Users/antonhesse/opt/anaconda3/bin/pdf2txt.py"", line 115, in <module>\n    if __name__ == \'__main__\': sys.exit(main(sys.argv))\n  File ""/Users/antonhesse/opt/anaconda3/bin/pdf2txt.py"", line 106, in main\n    for page in PDFPage.get_pages(fp, pagenos,\n  File ""/Users/antonhesse/opt/anaconda3/lib/python3.8/site-packages/pdfminer/pdfpage.py"", line 122, in get_pages\n    doc = PDFDocument(parser, password=password, caching=caching)\n  File ""/Users/antonhesse/opt/anaconda3/lib/python3.8/site-packages/pdfminer/pdfdocument.py"", line 583, in __init__\n    raise PDFSyntaxError(\'No /Root object! - Is this really a PDF?\')\npdfminer.pdfparser.PDFSyntaxError: No /Root object! - Is this really a PDF?\n'"
data/cpet_articles/pdfs/springer_non_oa_pdfs/s00421-006-0240-7.pdf,"b'Traceback (most recent call last):\n  File ""/Users/antonhesse/opt/anaconda3/bin/pdf2txt.py"", line 115, in <module>\n    if __name__ == \'__main__\': sys.exit(main(sys.argv))\n  File ""/Users/antonhesse/opt/anaconda3/bin/pdf2txt.py"", line 106, in main\n    for page in PDFPage.get_pages(fp, pagenos,\n  File ""/Users/antonhesse/opt/anaconda3/lib/python3.8/site-packages/pdfminer/pdfpage.py"", line 122, in get_pages\n    doc = PDFDocument(parser, password=password, caching=caching)\n  File ""/Users/antonhesse/opt/anaconda3/lib/python3.8/site-packages/pdfminer/pdfdocument.py"", line 583, in __init__\n    raise PDFSyntaxError(\'No /Root object! - Is this really a PDF?\')\npdfminer.pdfparser.PDFSyntaxError: No /Root object! - Is this really a PDF?\n'"
data/cpet_articles/pdfs/springer_non_oa_pdfs/s00360-010-0470-1.pdf,"b'Traceback (most recent call last):\n  File ""/Users/antonhesse/opt/anaconda3/bin/pdf2txt.py"", line 115, in <module>\n    if __name__ == \'__main__\': sys.exit(main(sys.argv))\n  File ""/Users/antonhesse/opt/anaconda3/bin/pdf2txt.py"", line 106, in main\n    for page in PDFPage.get_pages(fp, pagenos,\n  File ""/Users/antonhesse/opt/anaconda3/lib/python3.8/site-packages/pdfminer/pdfpage.py"", line 122, in get_pages\n    doc = PDFDocument(parser, password=password, caching=caching)\n  File ""/Users/antonhesse/opt/anaconda3/lib/python3.8/site-packages/pdfminer/pdfdocument.py"", line 583, in __init__\n    raise PDFSyntaxError(\'No /Root object! - Is this really a PDF?\')\npdfminer.pdfparser.PDFSyntaxError: No /Root object! - Is this really a PDF?\n'"
data/cpet_articles/pdfs/springer_non_oa_pdfs/s42995-020-00033-3.pdf,"b'Traceback (most recent call last):\n  File ""/Users/antonhesse/opt/anaconda3/bin/pdf2txt.py"", line 115, in <module>\n    if __name__ == \'__main__\': sys.exit(main(sys.argv))\n  File ""/Users/antonhesse/opt/anaconda3/bin/pdf2txt.py"", line 106, in main\n    for page in PDFPage.get_pages(fp, pagenos,\n  File ""/Users/antonhesse/opt/anaconda3/lib/python3.8/site-packages/pdfminer/pdfpage.py"", line 122, in get_pages\n    doc = PDFDocument(parser, password=password, caching=caching)\n  File ""/Users/antonhesse/opt/anaconda3/lib/python3.8/site-packages/pdfminer/pdfdocument.py"", line 583, in __init__\n    raise PDFSyntaxError(\'No /Root object! - Is this really a PDF?\')\npdfminer.pdfparser.PDFSyntaxError: No /Root object! - Is this really a PDF?\n'"
data/cpet_articles/pdfs/springer_non_oa_pdfs/s004210000312.pdf,"b'Traceback (most recent call last):\n  File ""/Users/antonhesse/opt/anaconda3/bin/pdf2txt.py"", line 115, in <module>\n    if __name__ == \'__main__\': sys.exit(main(sys.argv))\n  File ""/Users/antonhesse/opt/anaconda3/bin/pdf2txt.py"", line 106, in main\n    for page in PDFPage.get_pages(fp, pagenos,\n  File ""/Users/antonhesse/opt/anaconda3/lib/python3.8/site-packages/pdfminer/pdfpage.py"", line 122, in get_pages\n    doc = PDFDocument(parser, password=password, caching=caching)\n  File ""/Users/antonhesse/opt/anaconda3/lib/python3.8/site-packages/pdfminer/pdfdocument.py"", line 583, in __init__\n    raise PDFSyntaxError(\'No /Root object! - Is this really a PDF?\')\npdfminer.pdfparser.PDFSyntaxError: No /Root object! - Is this really a PDF?\n'"
data/cpet_articles/pdfs/springer_non_oa_pdfs/s004250000386.pdf,"b'Traceback (most recent call last):\n  File ""/Users/antonhesse/opt/anaconda3/bin/pdf2txt.py"", line 115, in <module>\n    if __name__ == \'__main__\': sys.exit(main(sys.argv))\n  File ""/Users/antonhesse/opt/anaconda3/bin/pdf2txt.py"", line 106, in main\n    for page in PDFPage.get_pages(fp, pagenos,\n  File ""/Users/antonhesse/opt/anaconda3/lib/python3.8/site-packages/pdfminer/pdfpage.py"", line 122, in get_pages\n    doc = PDFDocument(parser, password=password, caching=caching)\n  File ""/Users/antonhesse/opt/anaconda3/lib/python3.8/site-packages/pdfminer/pdfdocument.py"", line 583, in __init__\n    raise PDFSyntaxError(\'No /Root object! - Is this really a PDF?\')\npdfminer.pdfparser.PDFSyntaxError: No /Root object! - Is this really a PDF?\n'"
data/cpet_articles/pdfs/springer_non_oa_pdfs/s00421-008-0919-z.pdf,"b'Traceback (most recent call last):\n  File ""/Users/antonhesse/opt/anaconda3/bin/pdf2txt.py"", line 115, in <module>\n    if __name__ == \'__main__\': sys.exit(main(sys.argv))\n  File ""/Users/antonhesse/opt/anaconda3/bin/pdf2txt.py"", line 106, in main\n    for page in PDFPage.get_pages(fp, pagenos,\n  File ""/Users/antonhesse/opt/anaconda3/lib/python3.8/site-packages/pdfminer/pdfpage.py"", line 122, in get_pages\n    doc = PDFDocument(parser, password=password, caching=caching)\n  File ""/Users/antonhesse/opt/anaconda3/lib/python3.8/site-packages/pdfminer/pdfdocument.py"", line 583, in __init__\n    raise PDFSyntaxError(\'No /Root object! - Is this really a PDF?\')\npdfminer.pdfparser.PDFSyntaxError: No /Root object! - Is this really a PDF?\n'"
data/cpet_articles/pdfs/springer_non_oa_pdfs/bf02990717.pdf,"b'Traceback (most recent call last):\n  File ""/Users/antonhesse/opt/anaconda3/bin/pdf2txt.py"", line 115, in <module>\n    if __name__ == \'__main__\': sys.exit(main(sys.argv))\n  File ""/Users/antonhesse/opt/anaconda3/bin/pdf2txt.py"", line 106, in main\n    for page in PDFPage.get_pages(fp, pagenos,\n  File ""/Users/antonhesse/opt/anaconda3/lib/python3.8/site-packages/pdfminer/pdfpage.py"", line 122, in get_pages\n    doc = PDFDocument(parser, password=password, caching=caching)\n  File ""/Users/antonhesse/opt/anaconda3/lib/python3.8/site-packages/pdfminer/pdfdocument.py"", line 583, in __init__\n    raise PDFSyntaxError(\'No /Root object! - Is this really a PDF?\')\npdfminer.pdfparser.PDFSyntaxError: No /Root object! - Is this really a PDF?\n'"
data/cpet_articles/pdfs/springer_non_oa_pdfs/s00421-003-0843-1.pdf,"b'Traceback (most recent call last):\n  File ""/Users/antonhesse/opt/anaconda3/bin/pdf2txt.py"", line 115, in <module>\n    if __name__ == \'__main__\': sys.exit(main(sys.argv))\n  File ""/Users/antonhesse/opt/anaconda3/bin/pdf2txt.py"", line 106, in main\n    for page in PDFPage.get_pages(fp, pagenos,\n  File ""/Users/antonhesse/opt/anaconda3/lib/python3.8/site-packages/pdfminer/pdfpage.py"", line 122, in get_pages\n    doc = PDFDocument(parser, password=password, caching=caching)\n  File ""/Users/antonhesse/opt/anaconda3/lib/python3.8/site-packages/pdfminer/pdfdocument.py"", line 583, in __init__\n    raise PDFSyntaxError(\'No /Root object! - Is this really a PDF?\')\npdfminer.pdfparser.PDFSyntaxError: No /Root object! - Is this really a PDF?\n'"
data/cpet_articles/pdfs/springer_non_oa_pdfs/s1071-3581(03)00626-3.pdf,"b""/bin/sh: -c: line 0: syntax error near unexpected token `('\n/bin/sh: -c: line 0: `pdf2txt.py -o data/cpet_articles/pdfs/springer_non_oa_pdfs/s1071-3581(03)00626-3.txt data/cpet_articles/pdfs/springer_non_oa_pdfs/s1071-3581(03)00626-3.pdf'\n"""
data/cpet_articles/pdfs/springer_non_oa_pdfs/s00421-008-0902-8.pdf,"b'Traceback (most recent call last):\n  File ""/Users/antonhesse/opt/anaconda3/bin/pdf2txt.py"", line 115, in <module>\n    if __name__ == \'__main__\': sys.exit(main(sys.argv))\n  File ""/Users/antonhesse/opt/anaconda3/bin/pdf2txt.py"", line 106, in main\n    for page in PDFPage.get_pages(fp, pagenos,\n  File ""/Users/antonhesse/opt/anaconda3/lib/python3.8/site-packages/pdfminer/pdfpage.py"", line 122, in get_pages\n    doc = PDFDocument(parser, password=password, caching=caching)\n  File ""/Users/antonhesse/opt/anaconda3/lib/python3.8/site-packages/pdfminer/pdfdocument.py"", line 583, in __init__\n    raise PDFSyntaxError(\'No /Root object! - Is this really a PDF?\')\npdfminer.pdfparser.PDFSyntaxError: No /Root object! - Is this really a PDF?\n'"
data/cpet_articles/pdfs/springer_non_oa_pdfs/bf01958761.pdf,"b'Traceback (most recent call last):\n  File ""/Users/antonhesse/opt/anaconda3/bin/pdf2txt.py"", line 115, in <module>\n    if __name__ == \'__main__\': sys.exit(main(sys.argv))\n  File ""/Users/antonhesse/opt/anaconda3/bin/pdf2txt.py"", line 106, in main\n    for page in PDFPage.get_pages(fp, pagenos,\n  File ""/Users/antonhesse/opt/anaconda3/lib/python3.8/site-packages/pdfminer/pdfpage.py"", line 122, in get_pages\n    doc = PDFDocument(parser, password=password, caching=caching)\n  File ""/Users/antonhesse/opt/anaconda3/lib/python3.8/site-packages/pdfminer/pdfdocument.py"", line 583, in __init__\n    raise PDFSyntaxError(\'No /Root object! - Is this really a PDF?\')\npdfminer.pdfparser.PDFSyntaxError: No /Root object! - Is this really a PDF?\n'"
